Country Code,1995,1996,1997,1998,1999,2000,2001,2002,2003,2004,2005,2006,2007,2008,2009,2010,2011,2012
AFG,,,,,,,,,,,,,,2.386059461,,,,
ALB,6.6855517586,7.9676231777,49.872214578999994,18.609714660999998,16.142023774000002,8.952242553,6.7590006817,7.4762652851,4.6351419078,3.8081693874,4.169584314700001,2.7561239014,3.3126529144,2.9232440969,2.6623042462,3.9634439394,,
DZA,,,,,,,,,,,,,1.29178371,1.4987788438,,,,
ASM,,,,,,,,,,,,,,,,,,
AND,,,,,,,,,,1.3281623545999999,,,,,,,,
AGO,,,,,,,,,,,,,,18.993274407,,,,
ATG,,,,,,6.4386525188,8.8422914167,6.2106400686,6.1187527534,4.8287018035000004,3.575003575,12.948488558,19.78239367,18.415994291,18.222819526,6.7636117687,,
ARG,7.8123296522,8.5045211831,9.1418353373,7.2146833501,7.301381687999999,7.1837234427,8.171118228300001,9.1695271095,7.568171900399999,5.8918992202,5.4677761332,5.2583227949,5.2606089413,5.8039550391,3.3946983299,,,
ARM,3.5989380651,3.5937374397000004,3.1899595386,2.9912183618,2.9120332981,2.9582932663,2.8703670482,2.2541159668,2.1564723249,2.7101049692,1.8917439727,2.5734206689,2.5047321547,2.6956042489,2.6904559156,1.4229940312,,
ABW,,,,,,,,,,,,,,,,,,
AUS,1.7992742853,1.7030905143000001,1.7327792111000002,1.5212268796000001,1.8102275641,1.5758425631,1.5994066305,1.6221137152,1.5221682127,1.313183135,1.2693888113,1.3545892978999998,1.2073870496999999,1.2131738408,1.2007871319,1.0283638004,,
AUT,1.0333150865,1.243646099,0.8279440656,0.9653820273999999,0.7514376881999999,1.0243966304,0.8708113972,0.8041510027,0.6146859539,0.7207820901,0.6559610583,0.7373197918000001,0.5415303865,0.5394515288,0.5137617046999999,0.6314301631,,
AZE,,,,,,,,,,,,,2.1426113013,2.1467865289,,2.2421078077,,
BHS,,,,,,24.861330888,14.257010802,17.004522549,16.118581178,13.979837262,16.282667100999998,19.131905229,23.718227458,21.578788051,25.712411115,27.415078877,,
BHR,,,,,,,,,0.4635610139,1.0420388234,0.5518710498,0.8626958011,0.43209003030000004,0.5701476397,,,,
BGD,,,,,,,,,,2.814617525,2.5549847731999997,2.9265174167000003,2.6834438288999998,2.8176023502999996,2.8694795887,2.6820518162,,
BRB,,,,7.5204650656,8.6220469489,7.4763280762,9.3216799905,9.300145454299999,12.24994339,8.1497479135,9.2420416779,12.912175074,9.204102820900001,8.4502902491,6.9660861595000005,11.341560233,,
BLR,9.3437649981,9.468630232799999,10.005505478,10.199451455,9.6363914464,10.071775067999999,9.6805034261,9.9263473059,8.8627391591,8.2555806206,8.3968593914,7.5075512771,6.671307457,5.588444625299999,4.9086676485,,,
BEL,,,,,,2.1128800776,2.7616561476,3.1012212277999995,2.2129244884,2.5586577108,2.1221006799,2.1097866127000002,2.0021334582,1.8864068072,1.744687006,1.6803481233000002,,
BLZ,,,,,,16.366481445999998,24.943292982,33.121785378,24.929304956,28.742427826,28.831060663000002,32.051840368,33.091797328,34.420877096999995,31.761832101,41.395642868,,
BEN,,,,,,,,,,,,,,15.102956205999998,,,,
BMU,,,,6.4231232437,0.0,1.5914950505,3.1689694511,4.7327569887,3.1419370042000003,3.1296455676,4.6779978169,4.663599054800001,4.6510185731,7.733114744,9.2589734885,10.779014798,12.293129677,
BTN,,,,,,3.1509184927,3.2310177706,3.1351893654,0.8007289837,2.3349937733000004,1.6684539347,1.3339637547,1.1618095765,0.9980566411,,,,
BOL,,,,,,,,,,,6.5160432966999995,5.6948464863,7.639881959099999,7.5271878073,6.8860087251,8.9024515881,,
BIH,,,,,,,,,,,1.8513615839,1.9304059563999998,1.7464780681999998,1.7487316396,1.7782812408000002,1.4893026845,,
BWA,,,,,,,,,,,,,,,14.483421277,,,
BRA,,,,,,,,,,22.458389939,22.356943253,22.707707087,22.284736615,22.780757328000004,21.745788969,21.018077424,,
BRN,,,,,,,,,0.5734421727000001,1.4047192949,0.0,0.5400778252,,,,,,
BGR,5.911478128,5.294323916600001,4.854837907,4.6861831641,4.0535309043000005,4.1468079945,3.8753052588999997,3.2308474728,3.1504631882,3.0811972505000003,2.5713534429,2.4188766009,2.3166681129,2.2657450178,1.9886846495,1.9614823576,,
BFA,,,,,,,,,,,,,,17.956517384,,,,
BDI,,,,,,,,,,,,,,21.728771801999997,,,,
KHM,3.5544070036,4.7299652374,6.7597592638999995,6.6159814078,4.752784059800001,4.5874695879,3.2164545914,3.3086232375,3.9081182211,3.8729840114,3.3539024377,,,,,,,
CMR,,,,,,,,,,,,,,19.724099299000002,,,,
CAN,2.0066826628,2.1465595113,1.9631331632,1.8529604796,1.770679088,1.7803942399000001,1.7857583415,1.8605110901,1.7368711680000002,1.9534426374,2.0536862072,1.8573017304,1.801237177,1.8332958573,1.8114087153,1.6286169516999998,,
CPV,,,,,,,,,,,,,11.59365082,,,,,
CYM,,,,2.8,,10.4,5.0,,7.1,11.6,,2.2,4.3,8.4,,,,
CAF,,,,,,,,,,,,,,29.259353731999997,,,,
TCD,,,,,,,,,,,,,,15.825395762000001,,,,
CHL,,,,,,,,,,,3.5333681844,3.5825585747,3.7034244773,3.5009183658999996,3.7155565694,3.1612122413,3.6827880327,
CHN,,,,,,,,2.0433400401,1.8859643656,1.9000391721,1.5884141497,1.3672032765,1.2197669581000001,1.1150548009,1.098726728,0.9997501355,,
COL,69.672633811,71.78689966399999,67.184549888,60.08465495,62.292448546,66.743509722,68.872368591,70.200361574,56.36693299,47.681161992,42.078915427,40.000878788,38.775868513,35.862058790999995,34.6453427,33.392489673,31.423190745,
COM,,,,,,,,,,,,,,12.194527096,,,,
COD,,,,,,,,,,,,,,21.701514981,,,,
COG,,,,,,,,,,,,,,30.758491364,,,,
CRI,5.3042476069,5.3133244965,5.7561639608,5.988379336,6.3943558456,6.3533698376,6.4202714701,6.3185783100999995,7.210779249700001,6.6106258728,7.7736805453999995,8.0103701202,8.2872779279,11.322113237,11.435940219,11.311714579,10.028403231,
CIV,,,,,,,,,,,,,,56.886269647,,,,
HRV,3.5553644131,2.619877656,2.5511362285,2.8585506231999998,2.6651735821,2.4636374875,1.8520088718,1.7913069219,1.5482700102000002,1.8653689093,1.5308467878999998,1.6690006363,1.4008149580000002,1.6069212588,1.1108934667,1.40802529,,
CUB,,,,,,,5.4,5.9,5.7,5.9,6.1,5.1,5.0,4.6,5.0,,,
CUW,,,,,,,,,,,,,,,,,,
CYP,,,,,,,,,,1.5751039076,1.9369296953,1.4309263245,1.222922842,0.8356538202,1.7423631763,,,
CZE,1.7055359274000002,1.6779799372,1.8162421387,1.6928199238,1.6763585205000002,1.6987393206,2.2883516739,2.291982957,2.2746598869,2.2251269768,1.8198472542,2.2517262259999997,1.9004171707,1.9465453590000001,1.7337604834,,,
DNK,1.146490097,1.3129819857,1.6674334334,0.9245895341,0.977353957,1.0862438268999999,0.9708638168000001,1.0427320920999998,1.2071716395999998,0.796255009,0.9779601007,0.5328292646,0.7130933074,0.9822982578,0.8506981336,,,
DJI,,,,,,,,,,,,,,3.3892917082,,,,
DMA,,,,,,2.8705936388,1.43994701,12.986825587,11.560693642,11.57960253,11.606819005999998,7.2780203785,10.228833621,10.270103727999999,19.139601307,22.137934088,,
DOM,12.720574702,12.812287083,12.673033299,13.465983077,12.603207978,14.082921873,12.548336880999999,14.434427747,21.144145039,24.523642751999997,25.841224135999997,22.812672738000003,22.146560925,24.769921163000003,24.242481156,24.921126749000003,24.989605895,
ECU,,,,,,,,,,18.093903422,15.797232944000001,17.485711571,16.411882954,18.546263216,18.406113326,18.237453160999998,,
EGY,,,,,,,,,0.6587556961,0.44203446890000003,0.7034735623999999,0.38640462840000006,0.8733900056,1.0124701337,1.2444145138,,,
SLV,139.13207885,117.27728152,112.56865995,94.996731085,65.047180776,59.778075368,60.174048827,47.342847213999995,55.853992737,64.639815074,62.440986409,64.663896721,57.319712538999994,51.862853666999996,70.595801619,64.669861568,69.177137309,
GNQ,,,,,,,,,,,,,,20.684646708,,,,
ERI,,,,,,,,,,,,,,17.766473351,,,,
EST,17.074914452,15.073320434000001,12.685399248,14.096520892000001,11.377124877,10.432252732,10.052662745,10.467005346,10.873142967,6.748494010499999,8.3961371825,6.7706419014999994,6.925450135599999,6.2586382246,5.2175377843,5.2194401778,,
ETH,,,,,,,,,,,,,,25.475031165,,,,
FRO,,,,,,,,,,,,,,,,,,
FJI,,,,,,,,,3.058706363,2.8079530999,,,,,,,,
FIN,2.8583723488,2.9852627529,2.7046711226999998,2.1937385654,2.7702467747000004,2.8608044659,3.0085744370999996,2.5397778272,1.9767416197,2.8319575695999997,2.2691121212,2.2787971597,2.4383646625,2.5017239323,2.26526178,2.1996269582,,
FRA,,2.0169635071000003,1.6526395666,1.6428434985,1.6220842566999998,1.779914051,1.7612179142,1.8720347634,1.6399739172999999,1.6337525757,1.6000916512,1.4321077082,1.3377688956,1.3510812265,1.0921651245000001,,,
PYF,,,,,,,,,,,,1.162254619,2.6784518548,3.4021191422,0.3735734165,,,
GAB,,,,,,,,,,,,,,13.790155208,,,,
GMB,,,,,,,,,,,,,,10.75724265,,,,
GEO,7.713143650499999,5.4082898266,5.7873084934,4.9962024749000005,5.0778957533,5.0360690005,5.6132640362,6.3121023321,6.6084886255,6.217354739,9.0015514833,7.2701490606,7.4729005452,5.9854101645,4.8015035565,4.2966341042,,
DEU,1.6746116941999998,1.5194585647,1.4308963488,1.1839641419,1.2205260419,1.2325585826,1.1227873442,1.1585303023,1.041412691,1.0518108578,1.0528134477,0.9789651170999999,0.917394536,0.8754139165000001,0.8567403348,0.8383710014,,
GHA,,,,,,,,,,,,,,15.672164790999998,,,,
GRC,1.4149428649,1.5714146107,1.8753070469,1.6169628219999999,1.4171283457,1.4380784796000001,1.2599258818999999,0.9753160159,1.098003865,0.9778186767,1.1803510185,0.9804533259999999,1.1371998781000001,1.2309810113,1.2625152340999999,1.5493849734,,
GRL,19.778125393,5.390157572300001,19.733773455999998,10.739792722,19.635143337,23.133319096999998,30.144516358,21.194673072,8.7960030962,19.284374397,17.485574400999997,17.458100559000002,3.4894270361,10.46809847,19.195867653,,,
GRD,,,,,,14.775122634,5.8979072259,13.731682915999999,8.8066930867,5.8562295641999995,10.707263418,11.646301814000001,10.641591208,13.497488503,6.7244973437999995,11.484682305,,
GUM,,,,,,1.2891000148,5.0762709713,1.2477229056999999,4.9043348189,5.4243662532000005,4.1527007386,6.4318458228,0.5769208579999999,,,,,
GTM,32.548979475,35.319622085,38.14334092,30.867783863000003,24.192856155,25.842964302,28.056126498,30.770271155,35.020650364,36.33281536,41.974800337,45.14801183,43.27470899,45.957715103999995,46.303082248,41.420733955,38.496160142,
GIN,,,,,,,,,,,,,,22.512556085,,,,
GNB,,,,,,,,,,,,,,20.223462380999997,,,,
GUY,14.972959385,12.07149618,11.922005418,15.469746378,12.440259414000002,10.094107088,10.74351955,19.240905623,27.803083983,17.613611153,19.028858202000002,21.782096186,15.331943237,21.022435462,15.53758036,18.555506811,,
HTI,,,,,,,,,,,,,5.0580462849000005,5.0429668996,6.102851704500001,6.8946559612,,
HND,,,,,42.084252575,51.076276533000005,54.952741902,56.02448466,33.649366041,31.958462008,35.13467979,43.005120288,45.566175091000005,61.250965733,70.67187137399999,82.086445619,91.60911330100001,
HKG,,,,,,,0.9664850797,1.0092491099,0.7622137795999999,0.6610111532,0.49927612299999996,0.5268558167,0.3055532114,0.5341905022,0.6725838784,0.4962294361,0.23869072800000002,
HUN,2.8650513391000003,2.6274983898,2.8081857545999998,2.815397046,2.4713253005,2.0077282847999998,2.4939460442,1.9981744757,2.3286762768,2.0671797822,1.6258653768,1.7288877469,1.5334717043000001,1.4568116221,1.3896877372,1.3321787784,,
ISL,,,,,0.7183830634,1.7780306531999999,0.352122595,1.3947828149000001,0.0,1.0238768071,1.0109758276,0.0,0.6541912397,0.0,0.3169140181,,,
IND,4.3662627795999995,4.3950798461,4.3524706946,4.4732735338,4.2334024042000005,4.2123616795,4.0184836846,3.8681206019,3.5197127865,3.6183721021,3.4653083038999997,3.4656581132,3.4422467291000003,3.4376730706,3.3742350368,3.407276812,3.4573723699000003,
IDN,,,,,,,,,,,,,,8.0710393106,,,,
IRN,,,,,,,,,,,,,,,3.0285567055000002,,,
IRQ,,,,,,,,,,,,,,2.0388223975999997,,,,
IRL,1.1908197215,1.1543354779000001,1.0354618432,1.0251742324,1.0130780377,0.9727166134999999,1.3451221216,1.3212117239,1.122052928,0.7342726149,1.2505886184000001,1.4669598062,1.7943456208000002,1.1486684865,1.2692135703,1.2080807177,,
IMN,,,,,,,,,,,,,,,,,,
ISR,2.1004940099000002,2.1324005691,2.7704840444,2.5498190409,2.3250422666,2.4439093705,3.6370676232,3.6368920562000002,3.2430189295,2.6733687351,2.4679873276,2.7978682317000003,1.9363652574,2.2982593576,2.1484794894,2.1298393184999997,2.1025644144999998,
ITA,1.7764346777000002,1.6737403418,1.5345861979,1.5408558455,1.4154175402000002,1.3090859037,1.2395274137999999,1.1200220693,1.2425616526999999,1.2254611278,1.0396922811,1.0578500087,1.0605889953,1.0268572595999998,0.9792749893000001,0.8736458984000001,,
JAM,31.687789151,37.22825387,41.373257331,37.615203963,33.189953257,34.357898520999996,43.735008088,39.794848985,36.844326861999996,55.199131523999995,62.42418389,49.697107257,58.433940854,59.479127532,61.594258624,52.169750883999995,40.890162481,
JPN,0.5438330043999999,0.49353048039999997,0.5412035316,0.5713117694,0.5369165198,0.5066802651,0.5123373088000001,0.4831478736,0.5523673183,0.5534467484000001,0.5087309304,0.4894643046,0.4536993993,0.5104917917,0.39983657270000006,,,
JOR,,,,,,,,,,,1.2542114361,1.8197974675,,,,,,
KAZ,15.364954078,16.706397131,16.668080967,16.580207425,15.74022972,15.544879102000001,14.498915468,13.19986372,13.309649155,13.890464751,12.180488742,11.494002905999999,10.836068250999999,10.73115923,10.340193633,8.8479191822,,
KEN,,,,,,,,,,,,,,20.108999985,,,,
KIR,,,,,,,,,,,,,,7.2514813741,,,,
PRK,,,,,,,,,,,,,,15.161859063,,,,
KOR,,,,,,2.0462026914,2.2743722138,2.0615728698,2.1404900568,2.3147209483,2.2553293901,2.2721631265999997,2.3242418424,2.3232939591,2.8646530851999996,2.5963199417,,
KWT,,,,,,,,,,4.5216112465,2.9151763195999996,1.7861387974,3.145658705,2.2367405432,2.2295398154,,,
KGZ,11.650354356,11.140171911,9.263043642000001,8.810353512799999,8.8387820444,8.3352674652,7.738659455700001,8.2155783757,8.3859987365,8.3493312365,9.737463313500001,8.773096257799999,8.094624605,8.0129067367,7.9493156189,20.096647628,,
LAO,,,,,,,,,,,,,,4.6330115189,,,,
LVA,13.964154657,11.694875817,10.988136912,11.240510137000001,10.406035167,9.6017898743,10.053639122,9.3178008288,9.1679251143,8.7097910556,5.4651255591,5.5820119664,4.1197479239999995,4.3589330389,4.7758448381,3.1082653215,,
LBN,,,,,,,,,,3.0765059497000005,3.8495516258999998,2.0744574013,2.6119309134999997,6.0476395607,1.9299545627,2.2471394506,,
LSO,,,,,,,,,,,,,,32.997839629,33.500821933000005,35.186002235,,
LBR,,,,,,,,,,,,,,10.140878949,,,,
LBY,,,,,,,,,,,,,,2.8619654548,,,,
LIE,,0.0,0.0,0.0,3.0797659377999995,0.0,0.0,0.0,0.0,2.9099374363,0.0,0.0,0.0,2.8152360575,2.7954825003,,,
LTU,13.832615432999999,11.23737668,10.930556581,8.7610174725,8.7691118394,10.571344001,10.144780094,8.4623333743,9.979200329500001,9.9939977739,10.890733157,8.4758357748,8.197587305,8.8695782099,7.5424329195,6.589218774400001,,
LUX,,,,,,,,,,,,1.5034816339,1.4714723552000002,2.4651742775,,,,
MAC,,,,6.0695476786,9.672605339299999,5.0941609338,,,2.8294330687,2.127084809,1.4541224371,2.2300295783,2.1751639777,1.5430223565,1.8825478402000002,0.7357593773000001,,
MKD,,,,,2.5484989341,2.5384614236000003,2.7280731124,2.9669848757999997,3.4519846199,2.7544970854,2.6004497306,2.4962177407,2.0508593589,1.7539380782,1.750318096,1.9412170362999999,,
MDG,,,,,,,,,,,,,,8.1243072212,,,,
MWI,,,,,,,,,,,,,,35.979716836,,,,
MYS,1.9111222003,2.1038163228,2.4791682152,2.8177913102999996,2.5713126,2.3532015435,,,,,1.9041969766,2.2718478891,,,,,,
MDV,,,,,,,,,,,,,0.9883408722,1.6253185624000002,,,,
MLI,,,,,,,,,,,,,,8.0013886593,,,,
MLT,,,,,,,1.5009531052,1.4916319448,0.0,1.7191287456,0.9772902186,0.0,0.9694431519,1.4494644229,0.9633447329000001,0.9603495672,,
MHL,,,,,,,,,,,,,,,,,,
MRT,,,,,,,,,,,,,,14.718137054000001,,,,
MUS,2.1985791902000003,2.9553704296,2.0647150521,2.641780526,1.9417967530000002,2.173863968,2.31734558,2.4571332625999998,2.9183021318,2.8097351704,2.9441205912,3.9473144051999998,3.5276133736,3.7387574395,2.9420668329,2.5400793736000002,,
MEX,16.919404883,15.454135349000001,14.199296960999998,14.07806997,12.433804885,10.741340145999999,10.150050711,9.8290868148,9.708133395599999,8.8698970555,9.3169139402,9.6925626154,8.1184204983,12.660543987,17.675983662,22.708788629,23.69388308,
FSM,,,,,,,,,,,,,,0.906067937,,,,
MDA,9.1040046096,9.2857343495,9.3244025237,8.4571304033,9.119053807,10.543653159,10.148002428,10.053386253,8.1870255407,7.2363323446,7.8579703712,7.0525639435,5.910326457,6.492329285399999,6.827922205,7.47295253,,
MCO,,,,,,,,,,2.8343064451999997,2.8360748724000002,2.8355119517,0.0,0.0,,,,
MNG,,,,,,,,,,13.24338964,15.624147395,13.002376415999999,11.16399296,7.947593866,8.076236724500001,8.6719852424,,
MNE,,,,,,,,,3.1872509960000004,2.2331682915999997,3.5102331273000003,3.9867703014,1.5924530465,3.6555226205,3.4896539691000004,,,
MAR,,,,,1.8984395319,1.6010704736,1.8641086107,1.5685512402000001,1.7131158433000002,1.5623882228000001,1.5431452386000002,1.6220397286000001,1.6671396678000001,1.3600901593,1.36559665,1.3989992054,,
MOZ,,,,,,,,,,,,,8.8256899191,,,,,
MMR,,,,,,,,,,,,,,10.158662434,,,,
NAM,22.587552501999998,20.752803539000002,18.665747269,22.578760764000002,20.475042597999998,20.043896133,18.229714021,17.533120368,,17.226705897000002,,,,,,,,
NPL,,,2.533956337,2.7950922995,2.6442399304,2.6023943832,3.3946907677,3.3564696324,2.8955538904,3.5032726218,3.3465355933999996,2.274224397,3.066204861,3.1724222201,2.7792176896,,,
NLD,1.9387680005,1.5466785658000002,1.5186644826,1.3256255853,1.4579540012,1.4058025604,1.6548148908000002,1.3959921937,1.5305766141,1.3744144794,1.2081844747,0.9708169376000001,0.9973556089,1.066455767,1.0809656562,,,
NCL,,,,,,,,,,,,,,,,,,
NZL,1.0884176041,1.2912451962,1.5990912897,1.2951074014,1.178822995,1.3478374466999998,1.3054061733,1.5143950825,1.0943180272,1.1031764126,1.4755266965,1.1708754062,1.1340919620999999,1.2155755435,1.5037148697999998,1.0530807649,0.8834504584999999,
NIC,15.246795369,13.986415852,14.073125119,13.00925958,11.231838358,9.381706146,10.429948909,10.613587998,12.007705354,12.061212708,13.439432955,13.142740538,12.833292652999999,13.059887213,14.044968416,13.562161259000002,12.572704045999998,
NER,,,,,,,,,,,,,,3.8200673536000003,,,,
NGA,,,,,,,,,,,,,,12.227067164000001,,,,
MNP,,,,,,,,,,,,,,,,,,
NOR,0.9864430606999999,0.9805846519,0.8612694386,0.8560008362,0.8285441986,1.0911052874,0.8196806657,1.0141990066,1.1187498081,0.7848188137000001,0.7137761831999999,0.7068194368,0.6353218625,0.7114520129,0.5999170046,0.5938836942,,
OMN,,,,,,,0.5703828278,0.6513599963000001,,,,,0.7027991318000001,0.6826034343,,,,
PAK,,6.9314568864999995,6.9300465725,7.434970026699999,6.6062079709,6.1623753949,6.4571260149,6.2470396206,6.1029165522,6.2357217275,6.0707692599000005,6.2211585714,6.419144237799999,7.201885679299999,7.3263417553,7.6085849424,7.8417898418,
PLW,,,,,,,,,,,,,,0.0,,,,
PAN,14.083317955,9.0785392484,11.301551219,9.8829659871,9.8288198933,10.114589162,10.15722117,12.381387126,10.814044821,9.6795411897,11.240392784,11.260909195,13.251069263,19.198664196,23.628636405,21.581997373000004,,
PNG,,,,,,,,,,,,,,13.039625192,,,,
PRY,,,,,,,24.092758219,24.655377307,22.640163756,20.89224578,15.039465455999999,12.348972647,14.805627119,15.119797915,13.371403991,11.480277163,,
PER,,,,,,,,,,5.6016377339,11.092658020999998,11.271644220999999,10.448739083,11.706286873,10.321513225,,,
PHL,,,,7.986133274199999,7.536713528,7.4181898802,7.4109355801,8.1272059913,7.820741223,7.5580766829999995,7.521062218099999,7.1123334876,6.7251247174,6.454250195299999,5.394583759400001,,,
POL,2.2218298928,2.2735001397,2.1021583305,4.8714474793,4.7474900059,5.665434821900001,2.0278669688,1.8728503582,1.7330681791,1.6581474213,1.4542104502000002,1.2837195801,1.3747139875,1.2036067804000001,1.2889149031,1.139075353,,
PRT,,1.042379205,1.1164123287,1.2192345665,1.0589033958,1.1222683287000002,1.0115844726999998,1.141677802,1.4236836755000002,1.3706123391,1.2803899366,1.4653566062999999,1.7439608991,1.1660039877,1.219835463,1.1615302673999999,,
PRI,23.341144332,23.256480668000002,19.251950058,17.225709635999998,15.591419618,18.220652362,19.569158900999998,20.483381578,20.691577187,21.015865264000002,20.386114597,19.824563217,19.413587492999998,21.468584172,23.817287834000002,26.220262475,,
QAT,,,,0.9110322359999999,0.5264358538,0.1692170496,,,0.6120887529,0.8389895209999999,0.7308285403,0.2044287443,2.5462742915,0.9311920691,,,,
ROU,3.3420110988,3.1993073189,3.0847362355000003,2.4985970534,2.5400882928,2.6180979604,2.7013566104000004,2.5578374525,2.513077696,2.3620680437,2.0806780383000003,2.01795194,1.9219320443999999,2.2835127968,1.9547556256,,,
RUS,,,,,,,,,,18.947801154,17.685234513,15.465814839,12.771596806,11.6070412,11.151646327,10.194590915,,
RWA,,,,,,,,,,,,,,17.073013723,,,,
WSM,,,,,,,,,,,,,,1.1000555528,,,,
SMR,,,,,,,,,,,,,,,,,,
STP,,,,,,,,,,,,,,1.8767359808000001,,,,
SAU,,,,,0.9397861159,0.8630462359000001,1.1072657132,1.3278621066,1.119350977,1.2966443576,1.235383582,1.0282491908,1.0390455273,,,,,
SEN,,,,,,,,,,,,,,8.712897965,,,,
SRB,,,,,,2.2499494501,2.4114836638,1.9973918058000002,1.7688952435,1.6573342244,1.4914542713999999,1.5860362119,1.7390430626,1.4225676126,1.4718660419,1.2479426701,,
SYC,,,,,,,,,,,,8.3045639511,,,,,,
SLE,,,,,,,,,,,,,,14.914126172000001,,,,
SGP,1.464812616,0.8667602209,1.0624696753,0.9837121201000001,1.0403951629000001,0.9440461306999999,0.7535878317,0.5456055565,0.587364325,0.4567134229,0.4922645317,0.3854914619,0.392593591,0.3771832625,0.5054952387,0.37354381810000004,0.3084079922,
SXM,,,,,,,,,,,,,,,,,,
SVK,2.3841036906,2.453163624,2.5974531971,2.3718866209000002,2.6104584965,2.6457743007,2.3857763344,2.5516987102,2.6991142099000003,2.2545251739,1.9573461046,1.6414237821000002,1.6387484087000002,1.7275270781,1.5407280453999999,,,
SVN,2.2378134528,1.9274781282,1.822088265,0.7073347073,1.2611116548,1.8132311477,1.4081779937,1.8078469597,1.0529345285,1.4014301594999998,0.9989590845999999,0.5979362231,1.1926384392,0.495497906,0.6422797968,0.7390327539,,
SLB,,,,,,,,,,4.3771434324000005,5.5342110024,4.7619047619,5.2367620697,3.7238765163,,,,
SOM,,,,,,,,,,,,,,1.5466933266,,,,
ZAF,64.916526578,60.390167428000005,57.112395333,57.741681407,51.212870951999996,48.609953714,47.158403789,46.838661965,42.512159841999996,39.793193126,38.767356254,39.730264567,37.850262339000004,36.796906724,33.836163703000004,31.795540235,,
SSD,,,,,,,,,,,,,,,,,,
ESP,1.0424372396,1.0045671620999999,1.1689365243,1.3137352556,1.2165538434,1.3726015865999999,1.4153601159,1.3634805655000002,1.3962958909999998,1.2168840224,1.1936737779,1.0813785768000002,1.0806112691,0.9435997996,0.8742692758,0.8464094735,,
LKA,,,,,,,,,,,6.1534473215,10.193364892,8.2033244527,7.2678255755,4.6349287261,3.5714373031,,
KNA,9.2762227221,9.1503866038,15.800641055,17.822135092,13.192902219,6.509992839,12.849341470999999,10.569260363,20.86680717,22.660321776999997,16.269090760999998,34.129007649,31.711426023,45.008023169,52.171896738,38.166482195,,
LCA,,,,,,14.639610968,21.402627487,26.169691758000003,22.214680201,22.611852276999997,24.807139616,25.748194631999997,17.180807260999998,22.857276819000003,22.614201719,25.248612761,,
MAF,,,,,,,,,,,,,,,,,,
VCT,18.50361283,22.21214449,8.3349540188,22.241374516999997,12.978705652,18.537227387,11.112448721,18.492834027,16.612215516,25.790763222,23.906946806999997,11.017462678,33.00935265,24.730257011,18.303452946,22.865923371999997,,
SDN,,,,,,,,,,,,,,24.213360951,,,,
SUR,,,,,,4.6,16.686697745,11.871735272999999,12.325390304,9.3261643513,13.819513152999999,12.279343174000001,8.8211770979,8.348444665299999,4.6166186731,,,
SWZ,,,,,,,,,12.399836873,12.870987972,,,,,,,,
SWE,0.9403022494,1.096364692,1.0277917138,1.0505328913,1.1183297982,1.0044973264000001,0.9462632851,1.1121307515,0.9288904169,1.2140835924,0.897075037,1.0230227418,1.2443548315000001,0.8877464145999999,0.9880669437,0.9701816276,,
CHE,1.1683071884,1.1754770559999999,1.2269968068000001,1.0684739998000001,1.247067989,0.9626239623,1.1931209087999999,1.1853934714,0.9990313502,1.0731900683,1.0114622953,0.8033903070999999,0.6780460520999999,0.7130403459,0.6691849891,0.678468717,,
SYR,,,1.9923987296,2.2104791977000002,2.11907493,2.2328501162,2.2850300269,2.1694380648,2.3155951503,2.3660361180000002,2.3263209363999997,2.3572032935,2.7586135508,2.6860619635000003,2.3736217224000002,2.2684284827,,
TJK,7.5319406227,8.2589149356,8.3765321863,8.1457596593,5.848367076900001,4.5846241426,3.7384155247,2.8635932145,2.5880881036,2.221832793,2.432886426,4.3374080447,2.3317696345,1.7634533558,2.1080904975,2.078900224,,
TZA,,,,,,,,,,,,,,24.503363292,,,,
THA,7.6143973938,7.4247263601,7.8560729363999995,8.694399449299999,8.0950331251,8.1418694305,7.8561628600999995,7.0201024765,9.8423936616,6.4683245933,7.205561182,6.966783574,6.5416403580999996,5.8211769025,5.389621611900001,5.2862874773,4.7570033641,
TLS,,,,,,,,,,,,,,6.94605876,,,,
TGO,,,,,,,,,,,,,,10.85369035,,,,
TON,,,,,,,,,,,,,,0.9717228645999999,,,,
TTO,,,,,,9.2875087651,11.642592458,13.137918954000002,17.533583704,19.837909022999998,29.34499835,28.097163171,29.494475255,41.095684577,37.864360283,35.185412963000005,,
TUN,,,,,,,,,,,,,,1.1417613865,,,,
TUR,,,,,,,,,4.2764911783,4.3339924502,4.8500814153,4.5870803781000005,3.6289470764,3.2711195533999997,,,,
TKM,6.4230983212,7.8262479233,8.2564747021,7.8493060645,7.214412103,5.9314629454,5.4484694524,5.239024515400001,5.0130036885,4.449865663,4.3388160382,4.2275399445,,,,,,
TCA,,,,0.0,0.0,0.0,0.0,10.7,0.0,,0.0,,,8.9,8.7,,,
TUV,,,,,,,,,,,,,,,,,,
UGA,,,,,,,,,,,,,,36.289791455,,,,
UKR,9.356101111000001,9.6428591054,8.9963144311,9.1516016055,9.3667505393,9.8298708299,10.018934217,8.9439687837,8.4817841459,8.012649325,7.0646261128,6.9110878037,6.2788774888,5.8858594651,5.420539118300001,5.1839089618,,
ARE,,,,,,,,,1.3231562039,0.7380997813,1.3761414909,0.8364202244,,,,,,
GBR,1.5690409935,1.4650031636,1.4935156984,1.574681286,1.5680549572,1.7019363534999998,1.7801203168000002,2.0559497746,1.7549055608000002,1.7481528519,1.4849825657,1.4932734227000002,1.5025592525,1.2730470895000001,1.1710833567,,,
USA,8.1126834078,7.2923030341,6.6783219425,6.1503103677999995,5.5574644944000005,5.5172402075,5.6162820109,5.6259408085,5.6740544827,5.4913380500999995,5.639776061699999,5.7780550544,5.6661841324,5.3985542249,5.0047657402,4.7515343803,,
URY,,,,,,6.4475970047,6.5567656498,6.946576615800001,5.9281567585,6.021617002899999,5.6583403787,6.100766021799999,5.7861903723,6.6049665164,6.7612023741,6.085278198099999,5.8875600294,
UZB,5.0481346401,4.9384403917,4.4375729894,4.4140637126,4.143944616000001,4.3106910385,4.3166552973000005,4.1859498632,3.7780274319,3.7419984637,3.5070932309,3.2845384188,3.0750269216,3.0993615017000002,,,,
VUT,,,,,,,,,,,,,,0.87703527,,,,
VEN,20.335913345999998,22.049625836,18.399788069,19.424241573,24.985124264,32.9468533,32.082943599000004,38.051961166,44.069889669,37.095428342,37.368565895,45.180898871000004,47.678021291,51.9968201,49.035913959,45.134798284,,
VNM,,,,,,,,,,,,,,1.5659919235,,,,
VIR,,,,,24.9,22.1,25.7,37.6,28.3,33.8,31.9,39.2,39.2,,,,,
PSE,1.1940119147,4.4123422036,1.5798570335,1.5120302164,1.7449125298,,,,2.749005825,4.1625005776999995,4.0780946692,,,,,,,
YEM,,,,,,,,,3.6251828683,3.2257876053,4.5765719326,4.2042326993,4.0871208307,3.862711115,4.24378823,,,
ZMB,,,,,,,,,,,,,,38.046426657,,,,
ZWE,,,,,,,,,,,,,,14.255261375999998,,,,
