iso3,1990,1991,1992,1993,1994,1995,1996,1997,1998,1999,2000,2001,2002,2003,2004,2005,2006,2007,2008,2009,2010,2011,2012,2013,2014,2015,2016,2017,2018,2019,2020,2021
ABW,0.0,,,,,7.78715120051914,,,,2.30237029021378,,4.41060530044492,5.44775062376745,4.31494805881274,2.1381341572277,6.35034873998497,5.22976994242023,3.09958982094703,5.10224907139067,4.03177035036084,3.98638649013618,1.97456756970224,3.91728649564447,5.83203732503888,1.93061374210862,,,,,,,
AFE,,,,,,,,,,,,,,,,,,,,,,,15.1,,10.5,10.3,,,,,,
AFG,,,,,,,,,,,,,,,,,,,,4.0715263102304,3.4870927196315,4.20866830452584,6.39391257509462,,,9.97526212023234,6.69241862002357,6.80069468647332,6.74357283538399,7.18039716624779,6.59443908400367,4.02249785795131
AFW,,,,,,,,,,,,,,,,,,,,,,,13.3,,8.1,8.1,,,,,,
AGO,,,,,,,,,,,,,,,,,,,,,,4.34888145017182,4.83160976473495,,,4.4582353472576,4.10224812286562,,,,,
ALB,,,3.9349355381887,5.78663290827838,3.4001229812339,7.88584943690772,8.31465846776129,40.9992381026143,20.4196832752429,16.5821972034685,4.11688108231861,6.97612769104126,6.91520644292345,5.36697326309711,4.27737992521115,5.07809382866511,3.16309553181125,3.52812681499024,3.15073844161766,2.90048784499383,4.08457542468858,4.89544771627364,5.42840674878889,4.2950952090984,4.64616022595595,2.22030990322398,2.74204347492575,2.01434001712189,2.29404594278858,2.26174791010144,2.12777201167065,2.31196864129807
AND,,,,,,,,,,,,,,,1.29982387386509,,,0.0,1.31483794622313,0.0,0.0,1.41708293477876,0.0,0.0,0.0,0.0,,,,,2.57400257400257,
ARB,,,,,,,,,,,,,,,,,,,,,,,4.7,,4.2,3.8,,,,,,
ARE,,,,,,,,,,,,,,,,,,,,,0.78992936734557,0.594737968363439,0.796309785048868,0.651291055974181,0.690361417216923,0.672879663658857,,,,0.69477185266451,0.699881310897077,0.469827240786301
ARG,,,,,,,,,,,,8.34834280792868,9.42324762172539,7.75115556419001,6.04621868694569,5.62572777894156,5.34743773442615,5.36411380031375,5.88720663318102,6.49389936621435,5.80046925893628,6.04758007684834,6.3119206747939,7.24728815890076,7.53781983762934,6.55846615392808,6.01123358722838,5.25938076500315,5.36772568472051,5.15582342098159,5.36681384363525,4.62267855620475
ARM,5.0048649818173,5.14148623781696,8.53252942918357,7.75160278126351,4.65362574504326,3.4910500461586,3.45569997249081,3.05677843675128,2.8698831988397,2.80721060115011,2.87200016032704,2.80868976696971,2.22219538411372,,2.70733541113172,1.9033579829131,2.6102875396933,2.5629137066955,3.25130165191263,3.27227725026832,1.90069351554648,2.42405536952164,2.23028862336636,2.17137714770311,2.49141025758587,2.60543817477592,3.03576444561533,2.45448421994563,1.76270034411436,2.58810044595098,1.85343036991797,2.18561731238222
ASM,,,,,,,,,,,,1.71456004389274,12.0322464204067,5.1777254252207,6.94137144146255,10.4796171446536,7.03760721354739,1.773599964528,5.36763850743865,3.61232525376585,9.11585338061423,9.20640765973117,3.72498440162782,5.66091140673648,5.74531039039384,7.78694907335306,0.0,14.1519923983584,26.8461919709235,0.0,,
ATG,1.57908034360788,4.71446082283056,3.09315021884038,6.07593398497725,7.45467557251908,10.234217374777,4.29811742456804,1.40414926106645,,,6.66178136033575,9.18454372498852,6.47710343934193,6.40413963586062,5.0670754107498,3.75615069676595,13.5977897410857,20.7277892593473,19.2189883605002,18.9274074775089,7.00157535445475,,11.4058900015968,,,,,21.9493190223773,13.0967907405689,3.25674553418769,9.71250971250971,17.1637908377539
AUS,2.19380533895964,1.96860816883803,1.72369323437234,1.88866404838088,1.79719709141623,1.9774483129172,1.94378982624249,1.97715940910201,1.79553800205111,2.04777523448822,1.90346358335012,1.80277135832717,1.87925103528248,1.53307282263429,1.31994610203354,1.28397511557077,1.37293979634563,1.22414721104701,1.22835824555239,1.21416975810599,1.04908593619237,1.10927057676792,1.06910609399713,1.06006540430473,1.03538284526998,0.990754226978393,0.938183172742481,0.84586083389231,0.884735037869462,0.887322993851443,0.860925458639047,0.744567483256587
AUT,1.15904598274011,1.3280661113889,1.23711605800238,1.01198218531861,1.10895970128658,0.981465959080042,1.24402475433338,0.828407550909723,0.965412892048534,0.750809325527336,1.02366558792704,0.870687322438091,0.80455581587406,0.615755660272331,0.722046711159838,0.656372596954589,0.737805332723898,0.542513661096779,0.697020591490472,0.611295628499106,0.729418238732372,0.917628045906905,0.960895526159402,0.719378730376734,0.491454225339134,0.509116600545148,0.618097446839757,0.795680952852948,0.972794280874553,0.867123024880969,0.729699452512114,0.728529506902089
AZE,4.4292846530268,4.73583649929088,7.37897499757305,6.17562522068493,6.37954087633286,5.61517898224564,5.03201525354784,3.5499727095848,3.48211260517923,2.98711977406019,2.75934921847538,2.6322071310355,2.53221194566208,,,,,2.1287593016363,2.13340539502668,,2.23011241769356,2.2545108782554,2.12954911752328,2.29861661243509,2.42253022914826,2.13920441872443,1.69402364496151,1.80706736101741,1.94040465710907,1.64178691697142,2.23627706150472,1.91021189583004
BDI,,,,,,,,,,,,,,,,,,,,,,,5.10439560944391,5.123365972623,5.37403241808829,4.29750739443945,5.82391017787918,,,,,
BEL,1.04093078351742,1.02364597862194,1.20752122055289,1.44078837171481,1.19175519918103,1.40660936021265,1.18539246788784,1.42788597296519,,,2.06540263051433,2.73540606302754,3.08046825241898,,,,,,,,,,,,,,,,,,,1.07652643158746
BEN,,,,,,,,,,,,,,,,,,,,,,,,,,,,1.1274974068,,,,
BFA,,,,,,,,,,,,,0.634502436611376,0.640082233972341,0.598592111354095,0.469380905212251,0.498945237000072,0.659555211401829,1.02792938601642,0.891613012477695,0.788198249930744,0.55963484448214,0.693972911642403,0.708730048883044,0.739223164024124,0.646029930732339,1.12086279620408,1.25044051977478,,,,
BGD,,,,,,,,,,,2.58759494598355,2.79333673596886,2.61145411057861,2.5427974290318,2.8114473171555,2.54909799950841,2.92086808171344,2.6801089033079,2.81870640176704,2.87580378852216,2.68749199813241,2.64028590102208,2.7049657645127,2.85203922703712,2.89430778238872,2.55654819285481,2.24740100606148,2.19353053922806,2.33987499251454,,,
BGR,2.58902555408141,4.29963995961549,5.32961690609855,5.69004215334187,5.75541857451384,5.82713497408075,5.21343170452078,4.78424871457875,4.62663482019938,4.00622324513639,4.09993391326405,3.83329617234798,3.19756834332103,3.11957724802641,3.10222735474154,2.54631298677843,2.39504426711388,2.29303259455148,2.24106774891129,1.96470460568018,1.94935047444622,1.69690831259703,1.88292631855588,1.46679508973523,1.51923291217348,1.72384225010119,1.09026053017437,1.43405534771422,1.29260131166718,1.17688228851709,0.988655606762662,1.27797986237754
BHR,,,,,,0.815748514521955,1.26431041349272,0.919339454601869,,,,1.23244282492328,1.06905493539233,,,,,0.38441873964472,0.540373316905985,1.1022063203054,0.164792902699267,0.990036111567169,0.734730164224437,0.871858239020729,0.686428432780924,0.220241355159741,0.283756165489433,0.411852002355793,0.336170726320386,0.267703840579686,0.0,0.0683402977791795
BHS,16.6248582269035,10.1428144498882,14.5404250414491,12.1458403099618,17.6872853928533,13.3531850684685,16.7250129126938,14.830552873339,,,22.7682499830777,13.0450874627608,15.5687690492871,14.7714633054694,12.8246419666006,14.950949385286,17.2968926557677,21.808025073637,20.1215562507752,23.6376751938901,25.1827085878394,33.6023283503109,28.7912139684501,30.8569946842992,31.3519097681758,37.1787444534279,28.0319665434691,30.5749085258884,22.6420821758295,23.4824758933846,17.9594387306367,29.1734237464315
BIH,1.62427584831978,,,,,,,,,,2.36878940505102,1.95473967158466,2.14366867456966,,1.64137817835988,,,1.64675773985494,1.67368621654736,1.83095867448907,1.46939666572905,1.36249190686486,1.7145777756973,1.27157584321028,1.40014155431114,1.61733143717774,1.29273717274358,1.22092064975071,1.14701530441933,1.24973536109839,1.29580227865324,0.978311147580377
BLR,4.87125456380457,4.446519912066,5.67015315856884,7.21340766387352,7.91378310382487,9.17633240346498,9.2943401588604,9.81643601166762,10.0024465443575,9.44871226372035,9.87668043113221,9.49887456961594,9.75789036186332,,,,,6.6049351179617,5.63965889871765,4.99092640356354,4.12067007233369,3.84259514659629,3.50741493306666,3.43612949833077,3.50741837038225,3.36061375115727,3.16230450623242,2.47221946386625,2.33096061826564,2.32582876256296,,
BLZ,,,,,,,,,,,17.0544828332072,25.7961019671543,33.9861008566841,25.378980143789,29.0304029162693,28.8898796255016,31.8637340486511,32.6408646800606,33.6963046931101,30.8749548413998,40.0488658254335,37.6284944809013,43.0191746845508,28.7216681776972,34.9099578526119,33.0674047089096,37.5701888718734,37.8976416724603,37.4280883407579,34.4388902453128,25.8279831003962,31.2475783126808
BMU,1.74003828084218,5.18367487991153,1.714604140769,5.10729577201032,10.1503091614999,,6.68443612603504,3.32076975442908,0.0,3.27968318260456,0.0,4.85727701050791,1.60928234054024,3.20166486573018,1.59386680055148,3.17669575990533,4.7558278707366,4.75018011099588,7.90420108287555,9.47066855027741,11.0328305514839,12.5918813844774,9.43982504857577,7.8732718168362,6.31362954778628,6.33472697326745,12.6847212532505,7.90201501382853,,0.0,10.9322900805085,10.9059749162577
BOL,,,,,,,,,,,,,,,,,,,,,,,,,,4.8962652271707,5.70007206329424,6.53227066319206,4.94533211049802,4.21997731316422,3.49358529148649,3.49353018078936
BRA,19.44255874481,18.3573272296112,16.6560029757244,17.6802553610291,18.5434988220254,20.7932131522543,23.4248819868581,24.0331008068879,24.5264547442023,24.736249894019,25.7997614021008,26.908980252251,27.5437239232765,27.9604675434352,26.1982810573398,25.4784150866907,26.0379315863291,25.0189417018062,26.0208631839934,26.4557107555774,26.6300331445086,26.3556376143373,28.1971430650446,28.179903857376,29.3586467160475,28.3564057690353,29.5891544359624,30.5930372112011,26.6360125717887,20.8104641962605,22.384065397269,
BRB,13.1341069579863,8.09554282542155,8.45462842868809,8.04611573762766,7.64200273965798,6.48104199905834,,,7.58605909919341,8.70653122332442,7.55695107252028,9.42057793361507,9.38244731755831,12.3364947158681,8.19351594942366,10.7615863320432,12.9425664369669,9.21000279984085,8.43617210524675,6.93958724065575,11.2845863471066,9.80084323551245,7.96531467518714,8.66848464052878,9.009236269023,11.1477508513645,7.89523737748924,10.7454860004227,10.0111373903468,17.1318743876693,14.6067055466292,11.3798210878753
BRN,,,,,,,2.93929378567976,2.5541560908641,1.24940458062954,1.22307514726589,1.19786839319431,,,0.847351109818116,0.554845815283505,0.54537893610204,0.804703761721851,0.792082344880574,0.260032035946829,0.768617845769143,0.252491778236471,0.249062280513865,0.983685574742889,0.485787674352233,,,,,,,,
BTN,3.58139251703848,2.11375526236987,4.94556218220184,3.64796731421286,3.83686052724219,3.03296836613994,2.23258306139231,1.28002340614228,1.97436023997451,2.27674740363229,3.065358553287,3.14968983843749,3.06922888047454,0.787864367573394,2.30772426079746,1.65831729036985,1.33678024595271,2.05394992910205,2.60969036023876,2.29332320448918,2.26784207031303,4.48599912663204,4.57605296018626,3.29268468359701,,1.61447864448373,1.2003817213874,1.71930040344045,1.18095280584545,1.04240096213609,2.45952782243763,
BWA,,,,,,,,,,,,12.0890160222029,14.2050953955715,17.0784516741399,13.9315846236186,15.3739921714153,13.5324066140804,14.2350418942367,13.99876452185,14.1044618415742,14.4860707823841,,,,,,,,,,8.6789124419475,10.5469623782512
CAF,,,,,,,,,,,,,,,,,,,,,,,,,,,20.120400654,,,,,
CAN,2.37551123433317,2.69134225358616,2.58575312467364,2.18360668443864,2.05650641277186,2.00413647623131,2.1423370782219,1.96099743423899,1.85438210727604,1.77303929280403,1.77946888883004,1.78693753500192,1.85809528376467,1.73627308507896,1.95853125009744,2.06109303240051,1.86893669521027,1.81666262127041,1.84836537294587,1.81580492682648,1.64000010305207,1.774292977025,1.58250294806031,1.45164409531216,1.48285782460859,1.70994583417735,1.70573180158618,1.81920905577647,1.78748605315357,1.83622745922526,2.00323552889971,2.06525947364399
CEB,,,,,,,,,,,,,,,,,,,,,,,1.6,,1.3,1.3,,,,,,
CHE,1.63893074370356,1.44215352960454,1.35308566821845,1.51381442163422,1.14424044782711,1.16505455794207,1.17402585204926,1.2276002637224,1.06918453998546,1.24611507872752,0.960727278904281,1.19040978195707,1.18189014468534,,,,,,,0.659391381754641,0.664754602323023,0.581470163881045,0.56279983161029,0.704715797391488,0.500745561287532,0.688261827356886,0.537448324343614,0.532438080113473,0.587238094745934,0.536406335262006,0.544068822159298,0.483235941156359
CHI,,,,,,,,,,,,,,,,0.659308780674341,1.307198086262,,0.639218619159939,,0.0,,,,,,,,,,,
CHL,,,,,,,,,,,,,,3.2347335473365,,3.56098253690455,3.61197042506372,3.73434307706899,3.52910217389993,3.74254898595635,3.18157401699654,3.70336446585693,2.50262790345923,3.17534207528993,2.47637997121972,2.34469553764708,3.42846787936184,4.24093820659053,4.41142252575542,3.9444343178286,4.79784927857005,3.63203867485069
CHN,,,,,,2.24571072330302,2.0687962298406,2.10615361955854,,,,,2.05132829907031,1.89258313764683,1.90551215066814,1.59170802242336,1.36875971812117,1.2197380785422,1.11346908670102,1.09526694544286,0.99466591452023,0.885346696134694,0.825868841792009,0.773199449343194,0.727914756317719,0.660106050334851,0.615882984238859,0.566555783864419,0.531025483737603,0.518966640910828,0.502270364156281,
CIV,,,,,,,,,,,,,,,,,,,,,,,,,,,,,,,,
CMR,,,,,,,,,,,3.0414281274255,4.87308895039667,6.47855889201688,6.12681928928162,,,,,4.13269772868318,6.60997923627979,5.02564727658086,4.08335461812492,4.18396434805943,,,3.74142104863949,3.31904639200257,4.11590427431535,,,4.53737524129107,
COD,,,,,,,,,,,,,,,,,,,,,,,,,,,,,,,,
COG,,,,,,,,,,,,,,,,,,,,,,,,,,,,,,,,
COL,74.6287140955712,85.4275785704029,83.0430113239211,82.1644308413744,76.7209132075085,62.0543156106234,63.7410863823297,62.2118253390669,60.8495355752557,63.12032958479,67.675400484081,69.8832455295369,70.1709726241374,57.2925607973552,48.525426693309,42.8957763612084,40.8646505564463,39.712208639696,36.8364366129257,35.6930758343931,34.4942938820122,35.5934489205592,35.9089822627757,33.35356924499,28.5852331937392,27.1287644105246,26.0404224330995,25.4344883492702,26.231325159933,25.7534726366066,24.2427633844347,27.4843651251417
COM,,,,,,,,,,,,,,,,,,,,,,,,,,,,,,,,
CPV,,,,,,,,,,,,,,3.12442068033219,4.31581045782528,8.92807321020032,7.01565895077814,,,,,,,10.0011112345816,11.903105062299,8.33082804808699,11.1032612248151,6.72621133756023,5.42715661636043,5.718935134278,6.17877248386654,
CRI,4.40116665745799,4.07481043256428,4.8164633943514,4.69845878805605,5.21616713745919,5.14994167131281,5.16925339023706,5.6158419156546,5.86169308986198,6.27974870752519,6.25755099809823,6.34063390302408,6.25815166703334,7.16227971065822,6.58389844148543,7.76201971923732,8.01704547206522,8.3107752466825,11.3729228033988,11.5052669468473,11.4013700898794,10.1283641954633,8.59267319435371,8.57762700262025,9.84664724241754,11.3783955931086,11.6880897758536,12.0748726206068,11.6054526979603,11.0727999226674,11.1260651499432,11.4087098514792
CSS,,,,,,,,,,,,,,,,,,,,,,,29.0,,27.4,31.5,,,,,,
CUB,,,6.24087283938757,7.39788656586231,8.27576844436633,7.79741153392748,6.67698558911308,6.79206435931057,7.41361193529892,5.50130805116433,5.28553076498558,5.43130534376707,5.91760950778112,5.73254362336224,5.87957848232846,6.08210089280617,5.11516673578654,5.03997954904073,4.56697576372472,5.00745135349638,4.4728195392243,4.72620304768407,5.49106088887985,5.95323293891987,5.2947284095536,5.45860481588276,5.04319714364599,4.55170752985625,4.33429929651939,4.4182505026975,,
CUW,,,,,,,,,,,,7.11080771664853,27.5847435149329,30.0472370517371,28.2596858350048,17.6554871216803,12.0269403463759,17.0918258342947,,,,,,,,,,,,,,
CYM,7.68418019402555,7.3151551727291,3.48717591058881,6.65812207666828,6.36587888915413,6.09718919578074,2.92453244037609,5.62129345962506,2.70661632360305,0.0,10.0861101655383,4.87157315276036,0.0,6.83955542889712,11.0408179037903,6.42033963596674,2.07567926603981,4.02844079199146,7.82426696398881,15.208691767345,16.6440123165691,,,8.58929430358002,8.39496637815966,,,4.71839071420707,10.7884840638678,3.02416306287235,4.45695693836771,
CYP,0.634115409004439,0.125146969472274,0.246782267706936,0.605337502898053,0.828947804709371,1.0435780813817,1.13628809902978,0.668545651361243,0.765311700522599,1.07342206955775,0.84367049394271,0.725516412217696,0.20362565662911,,1.57065313156331,1.92852593602212,1.42121090959393,1.21057145491134,0.823881580754126,1.71021104004234,0.708161696330527,0.785967167531522,1.90219846587694,1.02830539127663,0.93458340944524,1.26339195472003,1.08524925044756,0.579219427350576,1.23068743738878,1.22066686658477,1.21208497200488,1.28597928930355
CZE,,,,,2.00556082916861,1.70679874185658,1.68032113753662,1.81923524117441,1.69527318377419,1.67818843851103,1.86619845603832,1.31961249139319,1.35766450449641,1.59054843427339,1.30591573003759,1.05057210947,1.26154618011095,1.21882457138728,1.09841584347304,0.901980615093206,0.984256765260208,0.819330209938599,0.99894734734051,0.855956542135293,0.770168319335366,0.83620005040956,0.617425231348047,0.626702958465261,,0.9205768961203,0.731177855832333,0.447161218411568
DEU,1.17298437816633,1.41224552834602,1.44379972178802,1.67300688285953,2.40967948839525,2.50483022671826,2.36528848739801,2.2103223107957,1.96505627034307,1.62585746048789,1.67255910629526,1.44882077122202,1.43903572131755,1.34854705026876,1.36833459393619,1.28552164744574,1.21708126997971,1.09381387220944,1.02317872893425,0.98817859057552,0.975098828664069,0.906373597027625,0.808137138983971,0.834959673376019,0.87467661550236,0.830965265091444,1.16966277365121,0.9839711463351,0.950580714040646,0.749265097821008,0.938448940112227,0.833247865481232
DJI,,,,,,,,,,,,,,,,,,,,,,,,,,,,,,,,
DMA,,,,,,,,,13.0552090284023,10.1895993303978,2.92628683463553,1.46729760463666,13.1844950338402,11.6886437520546,11.6662291830723,11.64932615929,7.2735736522068,10.1781170483461,10.1770812131081,18.8990572277991,21.8165951567159,8.72828838264816,,,12.9737210073374,12.8559490904416,22.8326792722083,26.9874863287076,18.3557485262452,18.2001456011648,20.8349248900958,13.8097704125669
DNK,0.796948503617417,1.31825738006039,1.19795906419302,1.36702096576951,1.43849029867758,1.12698730601612,1.2937576668222,1.66749362349491,0.924704170151606,0.977470434338988,1.0860091131144,0.970013795648126,0.892409444146045,,,,,,,,0.756641079287248,0.824961764815596,0.839141936305735,0.853275007246171,1.30958327379006,1.09197301206313,0.981275682919688,1.23751924799964,1.00577697485176,1.13874032545199,0.944102116831435,0.802836849630622
DOM,,12.4752658619296,10.8652626646956,12.2754872774474,13.0115042412325,12.7958272642102,12.8801749956489,12.7360775531418,13.5351728248986,12.673315917233,14.1673052198968,12.6311571195402,14.5421866104778,21.3232237485555,24.7591347550466,26.1217741682059,23.0930762993518,22.4521777123369,25.1392754186663,24.6163451910182,25.3075082180353,25.3742602413614,22.6101741297438,19.4741564259154,17.6033821835294,,15.3501396781971,11.4207958416281,9.92055152321569,9.42851570029359,8.73663089784519,10.5415842337116
DZA,,,,,,,,,,,,,,,,,0.933151633955241,0.797438134359645,0.94881074889184,0.787020436235768,0.708382325710373,0.766209262996582,1.40362883678957,1.26313706959542,1.48864165770181,1.38076996361026,1.34360193923407,1.27380650772187,1.35473538571451,1.21530387918325,1.50512065521262,1.57318234314011
EAP,,,,,,,,,,,,,,,,,,,,,,,2.1,,1.6,1.5,,,,,,
EAR,,,,,,,,,,,,,,,,,,,,,,,6.8,,6.3,6.0,,,,,,
EAS,,,,,,,,,,,,,,,,,,,,,1.5,1.5,1.4,1.4,1.4,1.3,1.3,1.2,1.0,1.0,1.0,0.9
ECA,,,,,,,,,,,,,,,,,,,,,,,5.8,,5.7,6.4,,,,,,
ECS,,,,,,,,,,,,,,,,,,,,,3.7,3.5,3.5,3.4,3.4,3.3,3.3,2.9,2.7,2.5,2.5,2.5
ECU,8.53601790458464,10.7895367508185,8.56680393710152,8.31774205819563,10.0373187334261,11.8679139456144,12.4214216953588,10.9824984093946,13.4658502948037,13.5513516466181,14.5170790306456,12.9072226809641,14.5823356272969,,,,,15.9488228726749,17.9832827899846,17.8053426338043,17.5054873932305,15.3763080690245,12.4129070208035,10.9711960311364,8.20905183947306,6.48312147109806,5.83348058968642,5.80944632742375,5.84167365948502,6.84396771273186,7.80050914241561,14.0242548813931
EGY,0.470159463845528,0.491375070822844,0.460083259733903,0.397509375682201,0.367975919146101,,,,,,,,,0.620036070697145,0.415363675439132,0.660130201577017,0.680890797896673,0.827061898303727,1.15332161545055,1.06665339899544,2.10767808732305,3.03026722382926,2.41888523991349,,3.02325529819737,1.75085294090364,1.53531582927306,1.33609216061138,,,,
EMU,,,,,,,,,,,,,,,,,,,,,,,1.1,,1.0,1.0,,,,,,
ERI,,,,,,,,,,,,,,,,,,,,,,,14.572974940632,,,,,,,,,
ESP,1.24443140571126,1.12700771613077,1.12434907283055,1.20190154332997,1.08268467944394,1.03228533934045,0.992587533813138,1.15231316477099,1.29328425113137,1.19874998495396,1.35733329317787,1.40846963074015,1.35976828969719,1.38999820046144,1.21043771615915,1.18575155153759,1.07152108338165,1.06529267192243,0.885426698873863,0.888548192481623,0.861018098074363,0.823895406371162,0.778508352972222,0.648020568602,0.695153602151455,0.650422725235898,0.632621107403249,0.659022159877724,0.617626377202637,0.7022923075526,0.629172397396181,0.610694288860715
EST,7.51269837025379,7.60078869360327,14.0874192529578,18.7445722997098,20.4644897057518,16.9331107707663,14.9163222204409,12.5220719104602,13.8894154504865,11.1863318699664,10.237125472438,9.87035611452351,10.2955250717787,,,,,7.1611089126341,6.43225822375433,5.2452078469808,5.25709050081297,4.89668373977064,4.76304962190459,3.94542715508526,3.11899498374319,3.42294736305643,2.50774074976129,2.2010574942782,2.11776673933884,1.95924986351187,3.15921543141343,1.95679840686505
ETH,,,,,,,,,,,,,,,,,,,,,,,8.6319635299382,,,,,,,,,
EUU,,,,,,,,,,,,,,,,,,,,,,,1.1,,1.0,1.0,,,,,,
FCS,,,,,,,,,,,,,,,,,,,,,,,15.3,,10.5,9.5,,,,,,
FIN,3.04820271350203,3.07148951684672,3.09393606381124,2.56582070242302,2.88887273041708,2.85829344610932,2.9855298393463,2.70431040814173,2.19266564982606,2.76837187403869,2.85923539795244,3.00693764122126,2.53817086908605,1.97583382585308,2.83083413396846,2.26836426727736,2.25967222789725,2.43916781644752,2.50312867558803,2.24768979633121,2.2001496661133,2.04151097052318,1.64392918654967,1.6363688680639,1.61129680187797,1.49649755696774,1.34662512995387,1.21638168386984,1.5592531612498,1.46698296751276,1.64572794344772,
FJI,4.10030367874121,2.16606866182826,3.30427897773234,1.90066250759473,4.42587823650249,3.02936209207746,1.63206172708538,1.61576589789354,,,,,,2.91271581039618,2.6537609272933,2.62880126091024,2.49127205483516,2.35783384681715,1.89577582116366,3.21728012247853,2.20953092210906,2.20178355476854,2.19524750866848,2.08001944270805,2.18445541526497,,,,,,2.17291633620231,
FRA,2.40193301896905,2.39208199322677,2.36001489025192,2.66240254592287,2.45675068215238,2.32670108582054,2.03216837502437,1.66495608133724,1.65460451082552,1.63318584277051,1.79151433468007,1.77413206159526,1.88470185650375,1.65248405899107,1.64702333472715,1.61295441695792,1.44289603515479,1.61912622116949,1.65421793412353,1.3189829703999,1.2747305942565,1.36359432696015,1.24303536520438,1.2268063341732,1.24550840497221,1.58596405512767,1.21739068060242,1.10688301718975,1.08279984503205,1.1692590431065,1.07320011042795,1.13742999459302
FRO,,,,,,,,,,,,,,,,,,,,,,,,,,,,,,,,
FSM,,,,,,,,,,,,,,,,,,,,,,,,,,,,,,0.897839349605175,,
GAB,,,,,,,,,,,,,,,,,,,,,,,,,,,,,,,,
GBR,1.24705669880256,1.27995700049622,1.51092118836339,1.53519333136302,1.59035335609552,1.55358940951933,1.44631619090799,1.48497350588382,1.57602063892287,1.56902331837261,1.55479919059023,1.63473860834262,1.86502759887047,1.55239416649166,1.58344284160119,1.38116648502147,1.41438761128023,1.42505773197801,1.23416498102054,1.13425721475349,1.20458817118157,1.01285645081005,0.982624210635012,0.937758102171685,0.909322429121636,0.99962645860372,1.20173263343653,1.2245552017035,1.13648348542355,1.1500680179876,1.00358675643653,
GEO,5.00775692273708,7.87282401673548,14.6965426383443,17.1233177266709,11.5648271588561,8.01611259132423,5.67075352972903,6.14219901931711,5.37800396378811,5.55239440751002,5.60352548502147,6.34578776621394,7.19012146257413,,7.47080713171271,10.1737322563988,8.210749345269,8.44752315421299,6.77887727615948,5.4471889197952,4.87381383230067,,,,,,1.03417826581564,2.41257721572682,2.35928770718324,2.04200131510189,,
GHA,,,,,,,,,,,,2.14403381492888,1.93175499797045,2.04411596063558,2.06331981584962,1.74690339148625,1.78365896509856,1.68295349480689,1.76764968406139,1.71137057858193,1.6500670056238,1.61413780180609,2.08498068526018,2.00177311322258,1.92578059326349,1.81843756450041,1.85759755284362,2.01507091056042,1.61966189201679,1.81141661979507,1.72465219242215,1.8365651066975
GIB,,,,,,,,,,,,,,,,,,,,0.0,3.19877167167808,,,,,,,,,,,
GIN,,,,,,,,,,,,,,,,,,,,,,,,,,,,,,,,
GMB,,,,,,,,,,,,,,,,,,,,,,,,,,,,,,,,
GNB,,,,,,,,,,,,,,,,,,,,,,,,,,,3.48859108070828,1.1171243729142,,,,
GNQ,,,,,,,,,,,,,,,,,,,,,,,,,,,,,,,,
GRC,1.00948772865746,1.32800246200109,1.30745301662813,1.41999190509948,1.24912930756489,1.40754127055488,1.56426362914438,1.86661972225342,1.60885234437667,1.40987768492445,,1.19217698878943,0.847105061258988,,0.998642341238697,1.18775024581706,0.990447315721199,1.17206949380347,1.30038735739932,1.37488177825762,1.59510115433664,1.67200914479958,1.51409644310926,1.401804231992,0.984997793190692,0.860581932905886,0.781414102775676,0.804322503956963,0.931039984358528,0.737656733141517,0.741992756628659,0.852052561112034
GRD,,,,,,,,,,,13.9623203514781,5.55887543949859,12.9352958024965,8.27662313775979,5.47862650833436,9.97700753264069,10.8119796734782,9.84564710515599,14.2249407664576,6.18104274191056,8.76892992748095,3.4807427905115,12.0780761350156,5.13063889280813,6.78124139100214,5.04288553910548,9.16926462497708,9.9238756042193,9.84914394523876,13.0374378175329,11.3210903827337,4.01251905946553
GRL,,,23.34455667789,21.5408917929202,10.7718961230151,19.7176786914631,5.36097212294496,19.6176344699672,10.6908993719097,19.6055715469687,23.1382600028478,30.149327847338,21.2145319543888,8.81391187850904,19.3437203249745,17.5787086680612,14.081779936984,14.1073569866685,14.1398966020061,17.7173027178342,19.5205054036308,1.77659338218965,14.2352553893787,12.4801654513363,7.14892095974264,7.15633917469518,5.36519064310752,,,,,
GTM,,,27.8699277371096,32.8625241917406,32.0854417780981,31.4577987839534,34.0378129158028,36.6608007551501,29.5957652125921,23.1604567346748,24.7445997722883,26.8960598021816,29.5446911664384,33.7058893464371,35.0672808225896,40.6462773324894,43.8772895734475,42.2075351292307,45.0089205935197,45.5699046755858,40.9815747252601,38.2985661430765,34.0751965223337,33.4248404531215,33.4293427280838,,,32.782983345581,28.8958414706126,25.6454661905273,18.9601645617879,19.9903643036608
GUM,,,,,,,,,,,1.24853687085447,4.95283967967509,1.23029603998462,4.89641031918475,5.48767103241384,4.25711774883613,6.67982389555184,0.606930539834369,0.607074236072958,3.03803621339166,1.81922925320639,2.41474442948644,,,,,,,,4.15124774646551,,
GUY,12.0463140621309,25.8031048392245,14.0939975677787,15.6586782871012,14.4087220797656,14.5006681615215,11.677739508115,11.5199593226264,14.9333319236973,12.005055315601,10.0125024537218,10.5289549551565,18.8077837920306,27.4796975655486,17.2272197963111,18.6913673524994,20.1749151961285,15.2011542302499,20.9507392428562,15.5738774162804,18.7182917152172,17.4677183128871,18.6836495216179,20.7379915322098,19.8371753992398,19.7342890556812,18.7066831601648,15.0671075870093,14.1308748157258,17.0265401194111,19.6938793430021,16.2820498479306
HIC,,,,,,,,,,,,,,,,,,,,,2.3,2.3,2.2,2.1,2.0,2.2,2.3,2.3,2.2,2.2,2.6,2.7
HKG,2.34646356682844,1.55314971164594,1.79769729956736,1.41219558974602,1.55624185100703,1.16914875880445,1.21576832571412,1.5835470086797,0.977687715086524,0.948514554692365,0.638816733135795,0.970368261371338,1.00746884840616,0.755105328843651,0.650665265471067,0.490134281656674,0.502830613103522,0.257089400910996,0.510589266817924,0.66247615262041,0.490715831719521,0.236921761953696,0.373234393964109,0.849684448437961,0.367237866630904,0.29730378575154,0.376550227026166,0.321650345033655,0.641577853801783,0.320165568287547,0.293295889224809,0.306888506138137
HND,9.80625080888793,13.5425913683912,17.8699088371097,22.7862307447342,29.7623389022409,26.3898927742874,,,,39.5685591285963,47.711149251321,51.0101001607008,51.6103666608143,56.55467346341,49.2861933038632,42.4608634969165,40.257191550896,45.2775216790742,54.9879365971194,63.7888974095123,73.7906733961016,82.389055291302,81.570757997861,71.7692910240845,64.5387715492367,55.387562038669,54.4351572898585,40.1377731139661,38.0992254553067,41.1092508968675,35.7941595747697,38.3427468944297
HPC,,,,,,,,,,,,,,,,,,,,,,,12.6,,8.3,8.1,,,,,,
HRV,2.81100226285682,9.02049779111334,8.0653211821385,4.54886666969229,2.9671586374766,3.45322543737388,2.56376390802518,2.50457801840122,2.25325152242012,2.41025125457921,2.22054447750588,1.79730045471702,1.62842162334229,1.54669037959705,1.86795998514634,1.53509908105131,1.67513306838312,1.40732152212264,1.6159633508616,1.11817781742872,1.41919233306521,1.12596012515621,1.17739552952152,1.06756936618987,0.840341626882715,0.869603026218531,1.04172807535293,1.09720614344802,0.576855823299447,0.799079557208224,0.976355239042884,0.812780755716158
HTI,,,,,,,,,,,,,,,,,,5.15878359067366,5.20090995036943,6.14553774097535,6.87806820767905,9.18195049542349,10.219083094006,10.1255154608532,9.41154777705004,10.1384384362495,9.59505820900865,,6.74692694730795,,11.320619717256,13.0071284130281
HUN,1.93716464342991,2.95910830403864,2.94115931146207,2.87716425146589,3.02636690744171,2.86622583274149,2.62895777588232,2.80958408433808,2.81649881616902,2.4730563927237,2.00939908675262,2.49558973290803,2.00031502498201,2.25339595665652,2.07043593325767,1.62802982927874,1.73012746018035,1.533685586388,1.80575467076902,1.38880847177164,1.38182054857274,1.45681139451563,1.24973203830187,1.55639829020552,1.47954463669629,2.24496624728801,2.05805246393454,1.63449754166462,0.879673232080558,0.654946166239357,0.820464644511899,0.772416611447461
IBD,,,,,,,,,,,,,,,,,,,,,,,5.8,,5.6,5.6,,,,,,
IBT,,,,,,,,,,,,,,,,,,,,,,,7.0,,5.9,5.9,,,,,,
IDA,,,,,,,,,,,,,,,,,,,,,,,10.9,,7.1,6.9,,,,,,
IDB,,,,,,,,,,,,,,,,,,,,,,,11.9,,8.0,7.7,,,,,,
IDN,,,,,,,,,0.845779939736062,0.99053583061824,1.02955812082501,,,0.732920527687897,0.628046750109353,,,,,,,,,,,,,,,,,
IDX,,,,,,,,,,,,,,,,,,,,,,,10.4,,6.7,6.5,,,,,,
IMN,,,,,,,,,,,,,,,,,,,,,,1.18554348277109,2.37141027769214,2.37689185736272,3.57585582149328,1.19627241515438,0.0,,,,,
IND,5.07345512777259,5.46425001099847,5.47481498420126,5.17589819123225,5.02061884255972,4.81043285133676,4.77096472149383,4.73075260223531,4.82576184342215,4.59211893735861,4.54562752332988,4.30224760652525,4.16420441138194,3.96728118920971,4.09147664158076,3.90555067072309,3.83503968275347,3.81292025697517,3.81185657282345,3.74489180043947,3.74492100127032,3.78810410805172,3.7252629496661,3.55331583011222,3.62257613036012,3.35430671568569,3.16142620301247,3.02888279891311,2.99378385759947,2.92666092999238,2.91115545352632,2.93627889313173
INX,,,,,,,,,,,,,,,,,,,,,,,,,,,,,,,,
IRL,0.48775246390309,0.656242024341158,0.708543073892257,0.64867304058437,0.702366060548169,1.20129113653875,1.16449036356498,1.04391302556213,1.03298287124113,1.02152967886467,0.981705649888477,1.35805054977543,1.33529947621594,0.934649083475531,0.744056015513072,1.2617636714217,1.46405744866973,1.78905894123492,1.14545157463094,1.1778320889241,1.21558109749292,0.924193877391599,1.13921416130834,1.11139392333387,,0.664414800589829,0.720982444607608,0.817292483937321,0.80670066254946,0.653592234834056,0.667189770403826,0.441188915890542
IRN,,,,,,,,,,,,,,,,,,,,2.98024757165492,,,,2.59626286632582,2.42115997774534,,,,,,,
IRQ,6.61442273177754,6.56155533180023,7.59830766053546,5.79400158106798,6.25738557935859,,,,,,,,,,,,,,15.729824049289,8.43209278946951,8.60710301896297,8.13513817272751,7.96410465524507,9.41045845208612,,,,,,,,
ISL,,,,,0.0,0.0,0.371558670042896,0.737040524330629,0.0,0.720393623075648,1.77643873773369,0.3505844242352,1.38986372386188,,,1.01000409051657,0.0,0.641327805087654,0.0,0.313675794109482,0.628272909186292,0.939575875449822,0.311546376014668,0.308618638405429,0.305209778310878,0.906181517219714,0.297907645650772,0.873026959072496,0.849988383492092,0.277181452680275,1.36362768600563,0.540051574925405
ISR,3.06042528669106,2.26591664825609,2.93342397416539,2.70477755794267,2.6186373658603,2.04426770452191,2.0846345595528,2.71621649150843,2.50447056514486,2.28558539681099,2.51759126023098,3.09394929321694,3.2721419197169,2.64055410869833,2.41055678328026,2.5170819007811,2.2394361187674,1.94188638871416,1.69622767446338,2.00008264230362,2.04681893635007,1.97057568558942,1.68596170812157,1.64365634070848,1.37337370458592,1.37366445473388,1.2746646069394,1.4802767563935,1.37172864889576,1.5334715897378,1.4273496987921,1.94380733880528
ITA,3.16086804484155,3.4123029084741,2.5970742041197,1.88326056374658,1.70347210949855,1.77902390706646,1.67489843511673,1.53357527225287,1.5613272071584,1.43822815348996,1.34465234527074,1.24396893288476,1.12769624247935,,,1.04811219872702,1.06965777437625,1.07352210054079,1.03842635957681,0.990550467530587,0.88428340865344,0.919602249037235,0.880542812444273,0.832330233088362,0.787430402653034,0.778644151753196,0.672004707226636,0.626624557496403,0.599558175726844,0.530739955972358,0.47898693959757,0.511475885697091
JAM,22.742194442,23.4672973260963,25.9593670186242,26.7175044793503,27.8562576848753,31.0834742716504,36.5194911433325,40.6269465855459,33.3389351024056,32.8933368075476,33.9559873746509,43.3837744302737,39.6096872786761,36.778199543045,55.2172099017858,62.5358862220442,49.8204141377694,58.6401482884962,59.7114450870463,61.8204184797871,52.9281289412618,41.2574679021087,39.9301837766779,43.34453968784,36.0920984161494,43.2644126587592,48.3106352438215,58.6460037128226,45.841950185555,47.622889266476,47.262204719803,52.1272718817397
JOR,3.44769431133312,3.30025892031348,3.64634347391798,4.0483257228899,4.60477690673994,0.785071088187035,0.976419363871464,0.887261772854649,,,,,,,,,,1.73014215821177,1.80917091350693,1.50431550510527,1.67357774926444,1.98312808074904,2.23243286790112,1.87139026362431,1.96349606711738,1.59043690302332,1.31464655250751,1.30195822838335,0.89867312347372,1.14032721876481,0.988221769043239,1.02257949714653
JPN,0.54654386559044,0.515015261901017,0.540802491272167,0.5730104397333,0.600227294327572,0.577196120522967,0.518587120842722,0.563366940141775,0.613577609531718,0.581565037820731,0.534684034581565,0.548534996223864,0.520024270993823,0.546656580316822,0.547499761467513,0.503136295796191,0.483963653250691,0.448414988166297,0.510627800249869,0.394951360178921,0.362982268878202,0.345292924858522,0.335539794266786,0.28978940956614,0.309860461989398,0.285263134377176,0.285053157000133,0.241586947710921,0.264542163926071,0.25359388544281,0.253902836917477,0.228708941914955
KAZ,8.74511303814535,8.89736675604833,11.0306518933381,15.2299537500581,15.2204992956712,14.8895689290293,16.2596615295944,16.3143464196915,16.3561999061086,15.5608306232427,15.2596578456546,14.1349369506557,12.8235526743236,12.9145566188173,13.4712694255496,,,,11.156719682386,10.7972211452267,8.3414339562456,8.41984551658791,7.40226878368825,6.45691996327742,5.13861250925298,4.78248697003576,,4.99595573288377,,,3.19296191107306,
KEN,,,,,,,,,,,,,,,3.44822273823089,3.02318359981486,2.99513177343522,2.89630091979231,3.10098571347622,4.72564412474449,4.63896345613183,5.32659160245829,5.42928807956921,,5.02925219263668,4.82588722874835,4.93374314928989,5.03798540892373,3.14093338050272,3.09314062700865,3.57597789241596,5.27491295544657
KGZ,13.7895233924514,8.28124183330403,10.5069561437854,12.2216562396016,12.0828324637825,11.7167926386129,11.2109487983656,9.32920864722012,8.87863470413882,8.90741045121074,8.73857279190491,7.7778062113238,8.23403408769907,8.37731757493411,8.31515014402673,9.67422872162259,8.70349363308218,8.02409698047058,7.93534652630682,7.85422557335847,16.7641099769876,8.46332327339597,6.75966182479206,5.25185158302322,5.47521345205193,5.1182002192939,2.99621670022045,3.26347187848511,2.91877015081634,2.19768195988342,1.74734308054439,
KHM,,,4.41439091438088,5.84758185162459,2.84872079743875,3.63568828249719,4.84681017070027,2.77302267081623,6.7957388574949,4.88276059013834,4.71167168543593,3.29870049031495,3.38327888841536,3.98038413522108,3.92582555943686,3.38200424969971,2.96784804083818,2.86551942351874,2.3881430205068,2.3382740026917,2.30444712345125,1.83890574952752,,,,,,,,,,
KIR,,0.0,0.0,0.0,0.0,0.0,1.20727018103016,0.0,0.0,0.0,3.37740851444687,4.41837602589168,,,,,,,6.73297039416732,0.943436277955196,3.70387517940645,10.0117866033194,7.16733487132394,,,,,,,,,
KNA,,,,,,9.40070505287897,9.28128081675271,16.0346348111922,18.0870666169272,13.3852383130138,6.5990629330635,13.0475910884953,10.8075393394432,21.5375669010672,23.6155390246782,17.1212721105178,36.2674403720613,34.0316920131873,48.7747982737963,57.0987491144407,44.3009936079995,71.4563433267131,37.7145012257213,,,,62.7779230970442,48.1317554488286,48.1564456355604,25.1511690053761,20.9896625911738,29.4077489418462
KOR,0.471514622075203,0.486778539391321,0.536418631438168,0.681976121432208,0.494906389200662,0.502665613136962,0.539605512261279,0.603485934809671,0.816671140458679,0.826917464387922,0.790715344603111,0.865094105686319,0.783461813067749,0.813262065129294,0.879871620030263,0.858284334619078,0.865105342912209,0.892561607398989,0.887677621337194,1.09550484406961,0.992837559563842,0.819607492412402,0.876412093801883,0.702619647492928,0.745677604112145,0.735374850270327,0.693822083437017,0.584333965614392,0.597946084227189,0.573316688875289,0.594082049732749,0.520932425050992
KWT,,,,,,,0.939343369630148,,,,,1.95815178588464,1.12339574203708,1.37996275052272,1.99676755837817,1.83412159555158,1.90402930681909,2.35362731867196,1.43345893074149,1.75278567723704,2.03848905153012,1.87669508905475,1.79693831169692,,,,,1.11517733319644,0.85703984690952,0.36027114456679,0.252267859389106,
LAC,,,,,,,,,,,,,,,,,,,,,,,22.3,,20.1,21.2,,,,,,
LAO,,,,,,,,,,,,,,,,,,,,,,,,,,,,,,,,
LBN,,,,,,,,,,,,,,,,,,,3.74415895857548,2.92862171286197,3.26274102873824,3.32999243913324,3.74637612940447,4.15576987706053,3.8251019927586,3.60997318383773,3.75482165036555,4.0266798641372,2.89034873906016,3.14775065975211,2.26031660148685,
LBR,,,,,,,,,,,,,,,,,,2.75274272962795,4.67772892296613,3.71312593860462,3.20899034715803,3.85061572182482,3.11653017995884,,,,,,,,,
LBY,,,,,,,,,,,,,,,,,,,,,,,,,,,,,,,,
LCA,9.83830050386153,6.93152004768886,9.56153530938396,5.38374311469728,6.64180417968737,10.5022711161289,7.79377666932954,8.36260244187991,8.92544069363425,10.1102331356572,14.4200626959248,21.1714670892658,25.9580530224135,22.079590791584,22.5281449594798,24.7905650737217,25.8305575495812,17.3115724877327,23.1349658314351,22.9834254143646,25.7407786585544,26.7215814528989,22.5272059333195,18.9678609713269,19.4504114620131,15.9432420582726,17.005501279664,27.6580672655485,20.7996042453679,25.7582587417091,29.0119479012366,38.9643281575717
LCN,,,,,,,,,,,,,,,,,,,,,23.8,24.2,24.4,23.7,23.3,22.6,23.5,23.9,23.1,20.9,20.1,19.5
LDC,,,,,,,,,,,,,,,,,,,,,,,10.0,,6.3,6.2,,,,,,
LIC,,,,,,,,,,,,,,,,,,,,,9.6,10.2,10.4,10.5,10.7,10.7,10.6,10.7,10.5,10.6,10.4,10.5
LIE,,,,,0.0,0.0,0.0,0.0,0.0,3.06607389238081,0.0,0.0,0.0,0.0,2.91545189504373,,,0.0,2.8248188584907,0.0,2.78349941546512,0.0,0.0,0.0,2.69567209844594,0.0,0.0,2.63932327751165,2.61910374269925,2.59861753547113,2.58024563938487,5.12301643207521
LKA,11.5379513736672,,,,,8.87907337462139,9.68753946649001,10.0329975043528,,10.2782951516628,,,,,,6.19603691516451,10.2864991309317,,9.86904900843047,5.3655621184284,3.6915977324494,3.509151658991,3.21642133444658,2.92924064310508,2.60364471652924,2.28245256792903,2.47368858799708,2.25974909113101,2.38175667065634,3.42730492260757,,
LMC,,,,,,,,,,,,,,,,,,,,,5.4,5.5,5.4,5.3,5.3,5.1,5.0,4.7,4.6,4.5,4.4,4.5
LMY,,,,,,,,,,,,,,,,,,,,,,,6.8,,5.6,5.7,,,,,,
LSO,28.8494088650509,30.0080431394316,34.4362437160581,35.2695708992627,43.5979110686356,,,,,,,,,,,,,45.1230548560222,37.6939805169238,,,,,,,,,,,,,
LTE,,,,,,,,,,,,,,,,,,,,,,,5.0,,4.6,4.8,,,,,,
LTU,4.75455030274599,5.6413392064771,7.00785340624487,10.9805194762345,12.3327241674848,13.3964281973465,10.881182325091,10.5821666675012,8.48449349688127,8.50315800133409,10.278815652636,9.91533483776771,8.33380975419812,,10.0216473426127,11.0270152982052,8.66704595024002,8.46469009531944,9.242094016597,7.92333481843458,6.97670306817242,6.80689625693291,6.594107544671,6.53856041704127,5.30897659459202,5.80343006335355,5.21530429340552,3.44299264921069,3.19874553544653,3.29930718059109,3.58122184552417,2.58374704685787
LUX,,,,,1.49237582500401,0.490634402548355,0.968050696814992,0.955996668351611,0.944346140634388,1.39746616093919,0.918214623486094,2.03966236788937,1.3455554621142,0.664670439779196,0.436882971066333,0.860475046761441,1.48178411040562,1.45873296538531,1.63721219600295,1.00428225955474,1.97211624836438,0.771893802850604,0.0,0.184139850533683,0.719334543613703,0.878105750275506,0.857116898745352,0.335411487004901,0.493491667393196,0.645189387279769,0.475888702322892,0.625663790177391
LVA,,,9.72629857821418,14.6652653190917,13.3514703594481,11.205569479297,10.5749643637512,10.884880780542,10.1529563175146,9.43804285489668,9.94763073976726,9.28261296653872,9.19977439057943,,,,,,,,,,3.40858847429632,2.46125189608693,3.18243455248754,3.3635306428937,3.49636884360387,4.14351393000786,4.33967123374012,3.39150105488727,3.6899357529472,3.04175367238392
MAC,,3.31134508216965,0.805651375851137,3.15198476540697,3.34379770538313,2.01693723039222,4.20482961783046,7.28686821334493,5.73098744913749,8.69528433579778,2.31537489971532,1.82181717153775,0.44477555513549,1.72960631998149,0.841167582663116,0.818633741217595,1.99257764826023,1.16430248578581,0.756088640051716,0.92077470300412,0.358875070204936,0.700521713546164,0.686381252182478,0.168527917070783,0.165517150059503,0.162538460663254,0.159568908636428,0.313180678631213,0.307223909393525,0.30136253536301,0.295734182287593,0.436931170232753
MAF,,,,,,,,,,,,,,,,,,,,,,22.0082530949106,5.55154610559041,22.4470040264313,22.688277250748,17.1330668189606,28.7265519519692,,,,,
MAR,0.36221836936738,0.496236555966229,0.519671218979983,0.573492768973049,0.702248504296559,,,2.67181387472945,2.00058830249543,1.91645692258222,1.61446134311522,1.87693805520251,1.57669405922326,1.71941390237168,1.56493873955738,1.5411458672547,1.61515141760753,1.65531993412147,1.34661012948273,1.34819354704011,1.38919413341161,1.34027484265523,1.14835110124322,1.26909832117373,1.0365386139029,1.24277482148592,1.69195756314074,2.14196562556113,1.41952499854499,1.72706302946825,1.24833833697593,1.93113796660531
MCO,,,,,,,,,,,,3.08228150476983,,,,,,0.0,0.0,,,,,,,,,,,,,
MDA,6.47292748301219,6.45746340817125,11.1014656159356,8.61207796089137,8.94588575702327,9.01096479750042,9.02894793570035,9.42239039899385,8.61369177316635,9.08470441311009,10.1844658435831,9.78454712902104,9.66814397192429,7.79192483015314,6.84458384003639,7.39744418303476,6.64511148062214,5.59733783390248,6.19029058168272,6.56088790683006,7.20463837337209,6.00813351074016,6.52944286887182,6.70270615175249,4.82276127646209,5.76678745391147,6.20131387237014,4.43325684655209,5.28353316865261,3.89131211506964,3.01473622516773,
MDG,,,,,,,,,,,,,,,,,,,,,,,,,,,,,,,,
MDV,0.4445293989518,,,,,0.774569339447267,,2.23015165031222,,,,2.43627827170419,2.73706863370666,,,,,0.922719191944046,1.48419480947391,1.71901546254409,1.65940905677806,0.8011953835122,2.58038212878945,0.748637479786788,,0.918311592306385,3.96255386596662,7.19665059414701,,0.594638737145893,,
MEA,,,,,,,,,,,,,,,,,,,,,2.9,3.8,3.7,3.9,3.9,3.7,3.8,4.0,4.0,3.8,3.5,3.9
MEX,17.7348557205305,18.1496225828095,19.5239231239821,18.5115840478456,17.9347827594662,17.352533268956,15.8374774550697,14.5434106319758,14.4100361976712,12.7150300083635,10.9702896265275,10.3476771220495,9.99632559724949,9.84776422607268,8.97486847305721,9.40892834274075,9.77857039209429,8.18721753834034,12.7693534350575,17.8325996517848,22.888519115879,23.8395841713536,22.4325481302212,19.6631129758381,16.8496909258499,17.2800813969903,20.2099714735253,26.1146156797635,29.5813706276697,29.3087972148416,29.1853140575867,28.1756529873319
MHL,,10.6262020891113,4.16536499010726,,4.01288134913071,,,,,,,,,,,,,,,,,,,,,,,,,,,
MIC,,,,,,,,,,,,,,,,,,,,,,,6.3,,5.4,5.5,,,,,,
MKD,,,,,,,,,2.38468495703468,1.87767584248968,2.30625552182589,2.67850533558263,2.90593910992054,3.37977710370001,2.36045098102029,,2.21039553826855,2.01585034327052,1.67766978377713,1.67481143417692,2.05365483697801,1.43054728685978,1.38129573160567,1.04651497432114,1.66247801372827,1.18597963340895,0.900390295498617,1.46781797257879,1.18287705033994,1.13519404250167,,
MLI,,,,,,,,,,,,,,,,,,,,,,,,,,,,,,,,
MLT,1.0947162153471,0.813736964950993,1.6134258543426,1.86546530700895,0.792470473870928,,,,1.27394215028696,2.52536412593991,1.00197514350163,1.49197503925759,1.48258518378497,,1.71233505015307,0.975115063577502,0.0,0.970682948255319,1.45137354363736,0.962695547533093,0.955212475074925,0.70826378576437,2.79130137448332,1.59990857665276,1.34396258408166,0.876081550051087,1.06904993532248,1.66841502657994,1.62738564564491,0.992783457050698,1.3582790991893,0.379688200050119
MMR,5.102301265054,,,,,3.76164413092798,,,,,2.28598623243381,1.99066274856717,1.7512822118135,1.62815452541821,1.56954877648497,1.41646408803081,1.61577849918487,1.54606255486755,1.62324716497112,1.79329796809649,1.62175334496245,2.1187069746217,2.85952190426635,2.44430549723813,2.40834410169901,2.52894353539197,2.5803418783407,2.66216134109131,2.75699619113001,2.86386487293829,2.94067008118833,28.4378154764971
MNA,,,,,,,,,,,,,,,,,,,,,,,4.2,,3.9,3.7,,,,,,
MNE,,,,,,,,,,,,,4.26717577761376,,,,,1.89896704105329,3.80067667881036,3.32709107674173,2.37701333029076,3.32389978916978,2.68540977378582,1.57742266488208,3.15310947832592,2.68152970227922,4.42154016456025,2.37177399207511,2.21710352844108,3.64850030774307,2.86146912594041,2.38907333419871
MNG,,,,,,,,,,,,,,13.6302935857945,13.1208310332477,15.5514007005945,13.0169894957544,11.3215816594982,8.04893906820242,8.21235885008226,8.84359782721312,9.69409835318771,7.12661633628175,7.31067761370344,7.33768599354594,7.21815020734474,6.07350024566318,6.16919186332042,6.19470788633722,6.34197899753111,6.22280369179212,6.15332686636602
MNP,,,,,,,,,,,,,,,,,,,,,,,,,,,,,,,,
MOZ,,,,,,,,,,,,6.03708421674856,5.56300082385903,5.44125375659547,5.73766856337233,5.38812444014406,4.31134623112264,3.98956547711044,4.55469908648071,3.66810397956077,3.7921925300048,3.57316901076795,,,,,,,,,,
MRT,,,,,,,,,,,,,,,,,,,,,,,,,,,,,1.24101101186535,1.09492834891534,1.02253955032934,
MUS,1.83437434077172,2.62619429581543,2.7710388892961,1.85307416179279,2.35363649914877,2.15478696698651,2.89968291114519,2.02658713438046,2.59440278521693,1.90805972724701,2.13828010729232,,,,,,,,,2.96905734382661,2.57143525048117,2.48788032984628,2.17265718689779,2.71172468401628,1.47045905796975,1.62393777070463,1.62298643415196,2.5487732870023,2.85630140618806,2.08288493449327,2.69681448420534,2.6175702865739
MWI,,,,,,,,,,,6.23364392018905,7.82689108450577,4.8114054238286,2.48180731827069,3.3114871864783,1.5679328259947,6.25842977521527,5.11282940051779,5.61578424156944,2.23792937822209,3.53298755576473,2.26461026849563,1.79061366095103,,,,,,,,,
MYS,1.78683008607412,2.13126547300815,1.97552635902719,1.88975614114316,1.71527435992061,1.96654021217181,2.16056314425836,2.54127483287294,2.88392649756251,2.62867844822763,2.40137894064759,2.19602692006184,2.34027663726686,2.28380533627487,1.96184879103733,2.32992906523246,2.21808004575582,2.40656089031827,2.15801627769628,1.98814879036208,1.88037139842281,1.81605532019745,2.02965511557461,2.08065042393252,1.66631497074384,1.60289254512541,1.44640599512447,1.18527113906058,0.996935995922007,0.945006144750036,0.76204835344393,0.723777076243526
NAC,,,,,,,,,,,,,,,,,,,,,4.4,4.4,4.4,4.2,4.1,4.6,5.0,4.9,4.6,4.7,6.0,6.3
NAM,,,,,,23.2345119086217,21.3930771881012,19.3120652570631,23.4453352135686,21.3127591166171,20.8889800185912,19.0152728193374,18.3211765796058,,18.1498918096293,,,,17.3652713703824,18.762819345724,14.9575769297001,14.4442222055999,17.9010551472454,,,,,,19.786501158404,13.0382652649373,12.1730843863922,12.4498522913953
NCL,,,,,,,,,,,,,,,,,3.25687148995764,4.81218445103001,4.3465118254757,3.1131251301189,,,,,,,,,,,,
NER,,,,,,,,,,,,,,,,,,,,,,4.80816186344219,4.38889460398219,,,,,,,,,
NGA,,,,,,,,,,,,,,,,,,,,,,,,,,,33.6041932011922,,,21.7407887419939,,
NIC,15.8947164259595,16.9159008196701,18.6575086759674,16.8334975998459,15.674794498039,14.9726944221313,13.7561542945955,13.8685702760183,12.8453778350292,11.1091792712616,9.29102727824138,10.3413134122791,10.5343110974119,11.9292241946459,11.9935620935115,13.3646752383917,13.0565029205788,12.7330525344526,12.9401041959694,13.8979421427975,13.4056647215929,12.4189048040463,11.1597389781825,9.7068673144775,8.45590979911899,8.31931169444375,7.09005068681931,6.65068906770996,10.3769913800219,7.72817937299405,,11.0064316097709
NLD,0.903339465335452,1.1763467375718,1.27386979532609,1.25892674134812,1.11404436313585,1.24946036098334,1.35790729367403,1.33078224083896,1.11940812313133,1.28379556244997,1.13213706280247,1.26395069941525,1.2144205527787,1.25251285391316,1.17930094682739,1.06999021204931,0.784040992603247,0.872417617162102,0.911257492814735,0.931289716822917,0.866576314050145,0.856211955449196,0.863851159279319,0.741076607638235,0.725489043021559,0.610288973295896,0.548920976109966,0.767120829318056,0.578501412338886,0.627762243861846,0.613723634798302,0.651365463420387
NOR,1.10806315158386,1.1731893845601,1.07312232171414,0.881233801531306,0.760940333169654,0.963450252991714,0.981396824382462,0.862590766397141,0.857463503363457,0.739555045586285,1.0687563227791,0.819669044223803,1.01356469049095,,0.783924837286601,0.713715823014913,0.707989283616753,0.63699995105717,0.712989451530767,0.600513604791022,0.593078447304264,2.24081221569695,0.537949765852383,0.905392666339085,0.564430357906263,0.462395983782617,0.51560276015525,0.530565047037907,0.470604180471056,0.523532946162022,0.576225422359294,0.536736762637051
NPL,1.80460050783701,,,,,,,2.47318024204262,2.74223096436079,2.60943504612922,2.58555747092658,3.39797071025382,3.38699657013305,2.94748554174629,3.59945108370973,3.34029418176298,2.3002400809594,3.14820267013256,3.3182617784157,2.98220949237281,2.99319996878678,2.4902444946984,2.34900731024247,2.21316868234839,2.03189078069978,2.02098305577745,2.14635514798257,2.18922997844957,2.21000584002813,2.28561554791537,,
NRU,,,,,,,,,,,,,,,,,,,,,,,,,,,,,,,,
NZL,1.86461060600937,1.53958597600561,1.88522312295601,1.15900614825475,1.57007865135059,1.0615442529219,1.28739565892866,1.58904533334463,1.28607438654252,1.17386399637824,1.34880446641036,1.31119605890458,1.51953225758047,1.09454342737866,1.102560549869,1.47600368855741,1.17225497359077,1.13703821443309,1.19711607695203,1.55709429007714,0.989338497220131,0.890153058394725,0.929645241707196,1.03355828954192,0.952550787017397,1.04561723002926,1.07110395042417,0.737424049273411,1.55005884023358,2.60131307831324,,
OED,,,,,,,,,,,,,,,,,,,,,,,5.0,,4.2,4.5,,,,,,
OMN,,,,,,,,,,,,,1.16489093604603,1.43938147721665,1.70119346822717,2.10719499743956,4.72536362356504,1.41996365276823,1.77289682098853,1.37162159406896,1.66555947443965,1.06022383196076,1.10307266547752,2.541475837639,0.299306544150521,0.381699739955124,0.36379593776361,0.374296487733864,0.282537661998674,0.499699311370897,0.308139380686066,0.243337475232116
OSS,,,,,,,,,,,,,,,,,,,,,,,11.4,,10.0,9.2,,,,,,
PAK,7.11265102735157,,,,,,6.60328092633087,6.58316167129592,7.04308103711231,6.2340315568922,5.76925854342345,6.02508287283865,5.79801373316455,5.60054285116248,5.63379885521489,5.60984246458972,5.64272526232516,5.80240638864292,6.48570602078594,6.56994967190278,6.78307785917094,6.97875575109141,6.84747710366189,6.78736022004586,6.37498019073104,4.49638885369946,3.98829476698892,3.80581067106332,3.75048673897451,3.65125185059589,3.73684938494969,3.97878815425614
PAN,11.3470892981233,11.7503952269415,12.1751562608882,11.8120828019334,12.1365402105558,13.8803645123629,8.94788237359177,11.1386473403474,9.73943881769452,9.68360107640871,9.9609175570833,9.99665471423942,12.0474573697036,10.592128257158,9.49646826961707,11.0107239611503,6.56064057975876,8.13028504954229,14.1047496528529,15.7894330202839,12.6944965907688,14.8833971231939,16.9646714047014,17.3489541956208,15.5318135385213,11.9026604973316,10.0587717891935,9.2283736846821,9.62726287193256,11.34072937901,11.6430795339927,12.7319238281632
PER,,,,,,,,,,,,,,,,,,,,,,5.48549859934052,6.61521744048296,6.70133093492488,6.83930723154776,7.31639106360953,7.82133852910045,7.86888694151251,7.61397423868331,7.26583438183995,5.71389863958169,
PHL,15.076618168181,13.8119201471142,12.8486939627174,11.7397248523551,9.52841542436711,,,,7.93777381367886,7.47943602639217,7.35650421792898,7.34935031215775,8.06170123240505,,,,,6.65688737679859,6.37791958104213,9.77762030204939,9.13493395868059,8.81169177491061,8.65428897289044,,,,10.6364449619778,7.74603342168899,5.20499271079963,4.31596781848061,,
PLW,,,,,,,,,,,,,,,,,,,,,,,,,,16.8596156007643,0.0,0.0,11.1953875003499,,,
PNG,,,,,,,,,9.7687624943348,8.45644031218923,8.4418098332561,7.65115103319494,7.97611103832674,9.99839106350702,,9.27861035652945,9.09332471703549,7.51329292963736,8.44775925987542,9.47153779113003,9.40227756657452,,,,,,,,,,,
POL,1.78382582010111,2.22441248687705,2.24038953603193,2.36173438100566,2.3895479660582,2.22123977860255,2.2733541436814,2.10177434681274,1.97759298559493,1.9319537219649,2.22052365869268,2.00709404285694,1.85264360015847,,,,,,0.84625027735139,1.00375345434165,0.994886877346226,1.09267411975714,1.05887573002071,0.790004960842627,0.743872656776832,0.772958969418475,0.674761862589288,0.744819765554613,0.708695944557548,0.657252097562917,0.692196999838648,0.712649984922754
PRE,,,,,,,,,,,,,,,,,,,,,,,13.3,,8.2,8.1,,,,,,
PRI,16.9310950989982,22.8311172199021,23.9161009890581,26.1727174386292,27.0693166303407,23.3201747987454,23.2532502645794,19.2577878334404,17.2248063100912,15.5638367298411,19.1789702330101,20.9283033382731,21.4055986343228,21.3821075412837,22.0851933056976,21.6788124950894,20.6511358520334,20.5009217468692,23.2594066536008,25.5687475017983,27.7036473600038,31.9372502108834,27.7474939775636,25.5600387052015,19.7752225730795,17.5562249541437,20.5083955516008,21.6254238939546,20.0044045842624,19.2232559488461,16.9949270448435,
PRK,,,,,,,,,,,,,,,,,,,,,,,,,,,,,,,,
PRT,1.54755279706757,1.52260001207776,1.42971072315352,1.39961894437427,1.42741573518224,1.08444239538999,1.050790347995,1.125309200913,1.22796834454788,1.06514286741737,1.12614520351216,1.01235858435246,1.14083967813557,,,1.28286577389662,,,,,1.17109278350905,1.07905231946082,1.15946590818589,1.37607643340101,0.883903842022556,0.96474480015818,0.638745550193642,0.737325042954035,0.787184634155941,0.709431936468329,0.786545870699724,0.796882208078967
PRY,,,,,,,,,,,19.4191090668894,25.2132718518381,25.9528375275761,24.0040917169258,22.3214141474378,16.1953580123567,13.4063879089558,14.0067935632075,14.7560347399218,14.3970061241637,12.8453765961919,11.2424181055293,10.9566895063277,10.0571927910575,9.48984529089413,9.9871316537039,10.6756190801877,8.51244075120952,7.71340524648132,8.4838859382883,7.26729362812458,7.83138038595728
PSE,,,,,,1.18178773605495,4.38917256964657,1.58049264658235,1.52494918530437,1.77369841740116,1.33759942623354,1.73370426348837,2.56837466603575,,2.77446624038149,2.34384321100872,,,1.23397846340013,1.12837930367713,0.976885878187842,0.733901054725901,0.6930899647504,0.560512719668438,0.547885851178908,1.20411714409726,0.413596618782337,0.723258603347219,0.49942290642698,0.712863696693198,0.956289310588125,0.876613358184997
PSS,,,,,,,,,,,,,,,,,,,,,,,4.0,,3.5,3.4,,,,,,
PST,,,,,,,,,,,,,,,,,,,,,,,2.2,,1.9,2.3,,,,,,
PYF,,,,,,,,,,,,,,,,,1.09130195961455,2.5163789307187,3.20788712514502,0.35425504592031,,,,,,,,,,,,
QAT,0.905644314987621,0.876260034546552,1.27309473416191,0.822976686099204,0.998636860685165,,,,0.344235560393978,0.489155424244499,0.154813859555963,0.736560351545525,,,0.64272019754648,0.706955261514534,0.492581719307233,0.730582635593093,0.830865259619429,0.496809705426,0.233439849991552,0.221708412975152,0.367326805411249,0.442151696843111,0.406418797862869,0.248491192540294,0.462398166437137,0.442517934422161,0.361437247987879,0.391844644285213,0.434721968131257,0.334792159167632
ROU,3.4856885771971,3.61606931295668,3.67966914379888,3.24360161072767,3.42865585732833,3.36393508333106,3.22064517418326,3.1090823563614,2.53144656784128,2.56817372560901,2.53651064138067,3.2067765289649,3.02952885469216,3.24002435604516,2.28753567140616,2.05288540985656,1.70736594254025,1.82701406608006,1.4661967845819,1.26060779471911,1.30807592800488,1.0138333856323,1.05278223030724,1.08638527029016,1.62533843609586,1.70299736075598,1.54562472029749,1.29449161329342,1.27506893915233,1.2497303988366,1.44532169299017,1.26238064294495
RUS,14.2866115966943,15.2375728814421,22.8017233657093,30.2624755981087,32.1644058981928,30.4643082814328,26.365850813485,23.6548645554698,22.7211891733957,25.944032325348,27.9819163409618,29.3505961603497,30.3949162105497,28.8133455380476,27.1943270372686,24.7816326377551,20.1229718409064,17.7315602760589,12.7111878280047,12.3348355978899,11.6515618374112,11.2824271036194,11.3117539295343,11.1373638823174,11.4467837871236,11.5063145843619,10.9324596618408,9.13906375616579,8.21408286450418,7.68617006705188,7.3459663833896,6.79931955806077
RWA,,,,,,,,,,,,,,,,,3.44118388376004,2.81418941605412,1.47209212352509,,2.82276772666607,,2.36155085258443,3.23384107490715,3.7648047317614,2.51654240129163,3.28558630470402,3.84290247392161,2.27421303750477,3.14763629654723,3.59034703252303,
SAS,,,,,,,,,,,,,,,,,,,,,4.0,4.0,4.0,3.9,3.9,3.5,3.2,3.1,3.1,3.0,3.0,3.0
SAU,,,,,,,,,,0.875787613888088,0.802881481304267,1.03685923655602,1.25975676086037,1.07987407372451,1.27209214105701,1.21733065700934,1.00461454919429,1.00378529328031,,,,,,,,,,,0.639668596838101,0.795481397709382,,
SDN,,,,,,,,,,,,,,,,,,4.6692555541,5.1480839388,,,,,,,,,,,,,
SEN,,,,,,,,,,,,,,,,,,,,,,,,,,0.267518151792543,,,,,,
SGP,1.55515386262168,1.63429062173542,1.33199885633959,1.73958371761637,1.42499295137415,1.52375577581038,0.903638582903021,1.01046375100897,1.03458287235123,0.983239175576641,1.01144599155936,0.776446966549088,0.742196047973637,0.638839526705089,0.468340037816116,,0.378907511573953,0.38599643532292,0.558035483616285,0.399145509293704,0.367961085984856,0.302953187673441,0.204422798754396,0.310329150613598,0.251323870929754,0.247786821210127,0.315129746794999,0.19082357198481,0.154784478522063,0.204554578144537,0.169208474061906,0.100992070355116
SLB,,,,,,,,,,,,,,,4.23921913583518,5.38875739399692,4.66125353267285,5.15240210931416,3.68216340666006,,,,,,,,,,,,,
SLE,,,,,,,,,,,,,,,2.02409797067913,1.74193527953838,1.73844972282915,2.25620998647368,3.02091962211251,2.52402516516989,2.53235432204525,2.82802671260269,1.6645583488465,,,1.69519956395093,,,,,2.13748640464524,
SLV,,,,,134.778654208878,138.773985679506,117.16123098297,112.500551976693,94.8839714651409,64.9070908591234,59.5957158215801,59.952288666095,47.1613759144275,55.6841606355295,64.5663093263027,64.2947608382301,65.0765042499415,57.8577797205256,52.3887299795208,71.9399952800665,65.2106231981517,71.2196806161488,42.1015797181401,40.6263375227391,63.1449112907401,106.819603579869,84.4091122164431,63.2235270031242,53.3113035179326,38.18339398145,21.3103023154811,18.1654984604067
SMR,,,,,,0.0,0.0,0.0,0.0,0.0,0.0,0.0,3.57538703564661,0.0,0.0,0.0,0.0,0.0,0.0,0.0,0.0,0.0,,,,,,,,,,
SOM,,,,,,,,,,,,,,,,,,,,,,,,,,,,,,,,
SRB,,,,,,,,,,,2.87333796932132,3.06903684719739,2.53027841855322,2.2313892312395,2.08561328062582,1.87716832095849,2.00133640521366,2.20412689893266,1.81281541369613,2.00311275918442,1.72464511996965,1.69270934992941,1.44901772734874,1.83700226076829,1.56416523947635,1.32987636405419,1.5480520700659,1.15206138611739,1.41246395862799,1.18901959321883,1.14161387098907,1.05526165452556
SSA,,,,,,,,,,,,,,,,,,,,,,,14.4,,9.5,9.4,,,,,,
SSD,,,,,,,,,,,,,,,,,,,,,,,14.0539673279834,,,,,,,,,
SSF,,,,,,,,,,,,,,,,,,,,,13.6,13.6,13.7,13.6,13.7,13.7,13.6,13.8,13.6,13.5,13.2,13.9
SST,,,,,,,,,,,,,,,,,,,,,,,14.4,,13.0,13.0,,,,,,
STP,6.64766542299926,5.68717298755322,9.55049025849994,6.2411258991122,6.1224802167358,,,,,,,,,,,,2.41364433140544,2.35509539608289,8.0458151703845,2.80697026857092,3.29419644940526,3.22503487068954,,,,,,,,,,
SUR,,,,,,,,,,,14.1962866272024,16.2086691759328,11.4996792194744,11.9099606971297,9.00950306714822,13.3664071194521,11.8768827014161,8.52359900444364,8.05336949233806,,,,,5.14232720450681,5.61716887667155,5.9081628220166,7.05130079301336,6.12703904881123,6.40038267551155,4.99749708687566,9.05998533929645,5.70976917034607
SVK,1.7676222914277,2.424138434213,,2.57428817878413,2.41626834139661,2.39252492968921,2.46347294817431,2.60910289910469,2.38313315170011,2.62344104109304,2.39924585565151,2.19475451810212,2.2510765168814,2.54913338303213,2.00932830666369,1.72983300694361,1.52494715918617,1.52462208894794,1.59802721681912,1.44741257836788,1.64924031173236,1.77689607536409,1.38650525527087,1.44051264520783,1.32851892835021,0.884883235509184,1.10472752493991,1.4707459890229,1.23009235515043,1.39349209853309,1.15454808101739,1.0096148374465
SVN,2.06442621035798,2.01025481236156,2.41043719304589,1.3054276417776,2.05880240970268,2.20982710111867,1.90890839826762,1.80920159933421,0.704126533549869,1.25864627055558,1.81420614118858,1.41236739509515,1.81472924995728,1.05558854967914,1.35221662109613,0.997616444909001,0.595956583569626,1.18622261741009,0.491634108197851,0.635517198561971,0.729115400740052,0.774648466946476,0.676539635074521,0.579045920512919,0.771115181956676,0.961140142883094,0.478464320915589,0.90545522476258,0.427365849859729,0.662595961051663,0.519445930636968,0.424646581984274
SWE,1.11131836223726,1.33811634293269,1.31940290768624,1.24375180264837,1.1463340723558,0.993321284460328,1.12685758631544,0.987753110315333,1.04206392994249,1.141387900565,1.08217257642802,0.977885347663812,1.13152435824644,0.948501236929304,1.18832608445167,0.916950976707457,0.999481642460265,1.21122544097199,0.888477588775841,0.999848087597013,0.969970408974166,0.855568656083846,0.711595814832932,0.901654193438196,0.892535769525105,1.13713104983543,1.06497160695274,1.12346257129762,1.06275175162153,1.08103670251082,1.19587582931939,1.07957344811078
SWZ,19.0864052102373,19.1073173719796,18.8074559673139,18.2494957790175,15.9372993092963,,,,16.4153378948075,11.1943596138928,12.4211969667049,17.6685910066872,12.7520856559497,12.7503194663377,13.6990992842221,12.9677969485561,11.7839783360373,11.1622740965592,19.9106315432116,17.0794037004766,18.9104662157248,15.5603794742311,9.35719658390346,9.12083224911675,10.4808302949288,9.8771006476556,10.1529595877198,11.2906959020419,,,,12.6649058812971
SXM,,,,,,,,,,,,,,,,,,,,,,,,,,,,,,,,
SYC,,,,,,,,,,,,,,,11.8043546264217,,10.3337811305157,9.05750952453736,6.69314176074249,15.3795452048775,9.73936380311335,17.0526607479723,4.19687542624516,18.6115764005211,16.3263640166937,7.05360741636437,11.9392887168747,6.87551873333301,8.72930427444933,9.58106781000743,8.52838055529233,4.6961364885109
SYR,,,,,,,,1.95974621683738,2.16766606717152,2.07531487479107,2.18915608584779,2.24773534685785,2.14401974921844,2.29965263037249,2.35567261171708,2.31387343354468,2.2951821399424,2.57450542627736,2.46343733936287,2.18076323552053,2.07274182221091,,,,,,,,,,,
TCA,0.0,0.0,7.68403258029814,7.29687328979532,13.8864780420066,6.62207800807893,6.32691151814242,12.1098362144652,0.0,0.0,0.0,0.0,9.70968055150986,0.0,,0.0,,7.6138267093041,7.29341404711545,6.99777820541978,,,,11.9067109199423,5.71673574389024,,,,,,,
TCD,,,,,,,,,,,,,,,,,,,,,,,,,,,,,,,,
TEA,,,,,,,,,,,,,,,,,,,,,,,2.1,,1.5,1.4,,,,,,
TEC,,,,,,,,,,,,,,,,,,,,,,,5.2,,5.1,5.7,,,,,,
TGO,,,,,,,,,,,,,,,,,,,,,,,,,,,,,,,,
THA,9.67617943080544,9.95670403168441,10.4649477963208,9.48876448552893,8.54091978221962,7.64326907801485,7.43052410140483,7.84894247018664,8.68245389760311,8.09062376218922,8.15328525109625,7.88689476488036,7.06605060089458,9.93254453018756,6.54252602489539,7.30158107260636,7.06730031615878,6.63656360322816,5.90242672244534,5.46055227654118,5.35223934493688,4.81278275098662,,,,,,,,,,
TJK,3.10085503308917,2.66364043517766,10.6962129660201,22.8059523885519,10.9579741875959,7.35272616267307,8.01908741625418,8.14115454159129,7.97491620856241,5.76777251452828,4.51139913392296,3.63562034137383,2.75155541223689,2.45785251281324,2.08786561908744,2.26579197475244,2.74888107079403,1.83629423025919,1.36525723425916,1.29877154956567,2.37477350269711,1.61853474049943,,,,,,,,,0.911643224337479,
TKM,8.92406307753573,8.00673717218004,7.53877086708217,8.23474275172114,7.45214807563398,6.36441906458182,7.76546798685822,8.20409872647409,7.7851435766642,7.13162253632712,5.84356065878596,5.35048480138698,5.12878517913027,4.89599941163956,4.33628671112778,4.2163218731931,4.09767484203262,,,,1.99317782686479,1.86538922325473,1.44723579794536,1.51076568932417,1.57156297411759,1.09253010288946,,,,,,
TLA,,,,,,,,,,,,,,,,,,,,,,,23.6,,22.9,22.7,,,,,,
TLS,,,,,,,,,,,,,,,2.43131919679785,4.74562667289788,4.92677951002675,6.08223575138175,3.35545858812848,3.00317210053119,3.58295670180567,,,,,4.06364834348278,,,,,,
TMN,,,,,,,,,,,,,,,,,,,,,,,4.2,,3.9,3.8,,,,,,
TON,,,,,,2.00047011047596,1.99610759019911,1.98692602674402,,,0.974635120976584,5.81341833842815,5.78012407999692,5.74654847931961,1.90410906736738,3.7866775218089,7.53366607025144,0.937756417770484,3.74069502113493,7.46658702307175,0.931241764330647,1.85855469494148,0.930215251809269,,,,,,9.51017826829164,0.952830143734427,,
TSA,,,,,,,,,,,,,,,,,,,,,,,3.9,,3.7,3.6,,,,,,
TSS,,,,,,,,,,,,,,,,,,,,,,,14.4,,9.5,9.4,,,,,,
TTO,,,,,,,,,,,9.00763960433943,11.2807203524366,12.7046535808735,16.9184986420873,19.1011793141575,28.1942084275118,26.9442040729324,28.2338907059592,39.2733355949605,36.1835038906188,33.5390584671587,24.7883832622076,26.5664319848655,28.2495777312813,27.9183075853008,28.7636460386809,31.5109715009465,33.4774554699119,34.3588029313309,35.4615761650838,26.2820398815134,29.3642829379752
TUN,,,,,,,,,,,,,,,1.89463414833207,2.50280494644743,2.37514782672066,2.5802440542269,2.62162944475621,2.3645036264763,2.62504230700834,,2.97108126685831,,,,,,,4.73885918894881,4.62105575007752,
TUR,,,,,,,,,,,,,,4.24272978640226,4.29888142780693,4.81044135624783,4.55163696361965,5.10721975685462,4.56669499246751,,4.18605855331374,4.12679109272116,4.27219634823124,,,2.8061610011835,3.33747248629462,3.09538965830315,2.60961013143155,2.41969244415338,2.50548438706156,2.51959874186857
TUV,,,,,,,,,,,,,0.0,0.0,0.0,0.0,0.0,0.0,0.0,0.0,9.4791222332812,9.34535769356572,18.4255377953844,,,,,,,0.0,,
TZA,,,,,,6.90443422071893,7.33123386448171,7.40895806265468,,,,,,7.44095489790276,7.62756244454148,,,,,,8.61883071529146,8.93872195859743,8.56315285996907,7.5060436899455,,7.1294227269686,6.32148183548664,5.59297316410789,4.7064540375428,4.54131097309171,3.70475302959177,
UGA,,,,,,8.26852654035034,8.49899450918366,8.77179550060372,,,,,,,,,,8.92682261628904,9.15441702096194,10.2920746250221,9.77065913113857,11.2717129141273,11.8634639593304,10.9345325692863,12.3099229083166,,11.5669593651066,11.8000098935669,10.8321262509968,10.9851014270853,10.0440019618683,8.53146713450743
UKR,4.95834284506185,5.12455131993821,6.50765667808632,7.13810923248089,8.20201116499013,8.63080850033778,9.67281056421854,8.43343536408138,8.43286018052472,8.61717304453381,9.0385067494865,10.0259149452931,8.95437691809252,8.48848939517013,7.37802656324424,6.45881778907633,6.34865363471366,5.71329025319592,5.35354492651592,4.8840172367434,4.35172635644192,,5.14466887046868,,6.30148689951329,,,6.16025303748787,4.50424571843827,4.11661376082874,3.86703005362156,3.84320089520623
UMC,,,,,,,,,,,,,,,,,,,,,7.4,7.3,7.4,7.1,7.0,6.8,7.1,7.3,7.1,6.5,6.4,6.5
URY,6.60889232879239,6.18745961406837,5.7709405872154,,,5.9533086058037,6.35337109095285,7.48828453262473,7.478507718954,6.58744853174616,6.50016425064573,6.60418141625762,6.98636388793872,5.95129754146461,6.03536543081495,5.72691938456716,6.08015815635157,5.82818772953183,6.6244510285959,6.75805793748856,6.11456426571092,5.91973405817849,7.92018705879997,7.68962201219367,7.90173193875627,8.61051173035286,7.82127421738924,8.26953300953582,12.2846466427899,11.4922127861951,9.8568525465893,8.90183595258911
USA,9.44761666194219,9.81991629844101,9.31124462875945,9.4775575246075,8.89376628939517,8.13293488727949,7.30339894591822,6.68439974629017,6.15367843932288,5.55982236242186,5.51915007326843,6.66723897333368,5.62822466338611,,,,5.77441905204262,5.65759652724517,5.38608902581989,4.99137739474024,4.7309805911698,4.67094380497615,4.69159577578393,4.48344189666895,4.39829384641909,4.89298197697368,5.32165565328743,5.24392354938619,4.92984830231435,4.98594652688855,6.42075113420582,6.80746639329421
UZB,5.46671150503937,5.03931244987527,5.30383861729993,5.15713225051365,5.40223554611161,5.02470978120994,4.91350735530317,4.41423638139497,4.390525945844,4.12149751970393,4.28475924176531,4.28145187320352,4.13620071082056,3.71729934612589,3.66686808394422,3.42447414471218,3.19755556718378,2.98429681325435,2.99709914344457,,,,,,,1.63492576233462,2.40672169072548,1.85001528532088,1.46072786898664,1.20083884051368,1.33923285789026,1.40545667527223
VCT,9.77886431825758,15.9602766447952,15.8980405665002,12.3216658892282,11.4091633133966,17.5171229877205,20.9991206618223,7.8756349730697,21.0222967735154,12.2812942729693,17.5727622185612,10.5595691695779,17.628989109692,15.9139937051314,25.7531691938814,23.2054800633688,17.9490516169852,36.0932649967516,14.5038548526726,20.9396437529304,22.8712576904604,,,,,,37.7492037277339,36.9498382260288,32.2946794515604,18.1084313809585,31.5389577808042,30.6713184833033
VEN,12.5262150542523,12.3700859777832,15.7774267871964,20.2719616854256,21.8706923157718,20.2693360973694,21.9784499105655,18.3396150312961,19.3585561563421,24.9259819544486,32.8397296539463,31.9933080931856,37.9654460751409,43.9918837262941,37.0573342427803,37.3620327540612,45.2253102856808,47.7963792862132,52.2269894002731,49.3683054384757,45.551070794931,48.4531308754534,54.5360287632082,,63.027314524532,51.2746335406461,56.623849414326,47.9821745158311,,40.9848464622361,29.4274010064459,19.3050559299634
VGB,6.40348349502129,0.0,0.0,0.0,0.0,11.3157373617358,11.0372230346845,,,5.10568773613806,,4.84109118195241,4.69759248385203,9.09856015285581,17.6091215249499,,8.22283893514236,,,,,,,,,,,,,,,
VIR,,,,,,,,28.3594082336815,23.3932356119904,25.040110547451,21.2598789111245,25.9244856767217,38.0596980287861,28.8941913354709,34.6626945092418,34.7479832082719,40.3700904571678,40.3731227671551,43.199789635807,46.9629086947129,52.7595108439637,42.6623182703748,49.6311072509139,,,,,,,,,
VNM,,,,,,,,,,,,1.25786515739385,1.32312681328516,1.29977205692469,1.29143987424364,1.26650646261985,1.24833534689944,1.37797161481113,1.27574205341502,1.42571500171031,1.52841154613334,1.53708384848421,,,,,,,,,,
VUT,,,,,,,,,,,,,,,,,,,,,,,,,,,,,,0.657020510537788,0.320836742223719,
WLD,,,,,,,,,,,6.8542485823212,6.94372341767155,6.90600062311234,6.72934177772262,6.5042041506188,6.29398148415796,6.17818854587189,6.01240602344251,6.01009024538274,6.06683641768258,6.04961649005131,6.08396971233392,6.11317552263575,6.03202500607184,6.03209637551774,5.91196889272164,5.94784537632253,5.90690587341247,5.77473365312617,5.56413410414066,5.60531006626247,
WSM,,,,,,,,,,,,,,,,,,,,8.28260239367209,8.21897401519997,,,3.00091527916014,,,,3.37138990365049,6.19930281686783,,,
XKX,,,,,,,,,,,,,,,,,,,6.26604634656227,4.06127292532932,5.91332240856316,3.44571170063657,4.96849834038354,2.27061964933325,3.09369566696985,2.38755470058359,2.1705318317061,2.77189792139417,2.57315659646238,1.42276266125385,2.21464255818749,
YEM,,,,,,,,,3.49270409609287,5.65291390184295,3.74153849325131,,,3.48708211914934,3.11574470687547,,,,,4.11992073855114,4.44149054563671,5.39731923985333,6.16243730954622,6.31114687880619,,,,,,,,
ZAF,,,,,60.0097326009997,61.103416253195,57.0288525354895,54.070826489233,54.8000278242032,48.752626500842,46.4782786836351,45.3210451369661,45.2209717339133,41.2106685781343,38.7037081315743,37.7990171704708,38.6044091868553,36.8028746725407,35.7632939821079,32.7667476002271,30.6904008727714,29.6586836393508,30.5070842650526,31.5980275019965,32.5326988339444,33.4183398445973,33.7030020599932,35.9031881195969,36.6622494196205,36.7121383585379,33.9648735828409,41.8657281155598
ZMB,7.15549448955369,8.67969030509683,9.5116162781157,9.00746501219484,9.80621688189208,,,,9.3038838380228,11.1420166956676,8.05771996551862,,,,,,,,5.39953211575959,6.0969717347544,5.90193514230062,6.0494269727616,6.00217380423473,5.69085241748986,5.24215816029605,5.24980259388253,,,,,,
ZWE,5.80389766828658,,,,,,,,,,,12.8368977273276,13.542329667865,11.2621672293541,11.1505074693804,11.0431683586232,8.69389618741834,,,,5.53748215359457,,7.39521690035477,,,,,,4.87636877146865,5.14503545596981,4.97777042599376,6.1399851589931
